Movie,LBRating,MovieLength,LengthInHour,Languages,Director,ReleaseYear,Genre,Country,NumberOfReviews,NumberOfRatings,Actors
Den of Thieves,3.15,140,2:20,English,Christian Gudegast,2018,"Crime,Thriller,Action",USA,6713,34787,"Gerard Butler,Dawn Olivieri,O'Shea Jackson Jr.,Pablo Schreiber,50 Cent,Evan Jones,Cooper Andrews,Maurice Compte,Kaiwi Lyman,Mo McRae,Meadow Williams,Eric Braeden,Brian Van Holt,Max Holloway,Jay Dobyns,Steve Eifert"
Slap Shot,3.54,123,2:03,English,George Roy Hill,1977,"Comedy,Drama",USA,1601,12465,"Paul Newman,Strother Martin,Michael Ontkean,Jennifer Warren,Lindsay Crouse,Jerry Houser,Andrew Duncan,Jeff Carlson,Steve Carlson,David Hanson,Yvon Barrette,Allan F. Nicholls,Brad Sullivan"
The Verdict,3.88,129,2:09,English,Sidney Lumet,1982,Drama,USA,2341,17873,"Paul Newman,Charlotte Rampling,Jack Warden,James Mason,Milo O’Shea,Lindsay Crouse,Edward Binns,Julie Bovasso,Roxanne Hart,James Handy,Wesley Addy,Joe Seneca,Lewis J. Stadlen,Kent Broadhurst,Colin Stinton,Burtt Harris"
Traffic,3.61,147,2:27,"English,Spanish",Steven Soderbergh,2000,"Drama,Thriller,Crime",Germany,2655,41496,"Michael Douglas,Benicio del Toro,Catherine Zeta-Jones,Don Cheadle,Erika Christensen,Jacob Vargas,Luis Guzmán,Miguel Ferrer,Topher Grace,Dennis Quaid,Steven Bauer,Albert Finney,James Brolin,Tomas Milian,Clifton Collins Jr.,Enrique Murciano,D.W. Moffett,Amy Irving,Peter Riegert,Benjamin Bratt,Yul Vazquez,Majandra Delfino,Alec Roberts,James Pickens Jr.,Viola Davis,Andrew Chavez,Michael Saucedo,Jose Yenque,Emilio Rivera,Michael O'Neill,Russell G. Jones,Lorene Hetherington,Eric Collins,Beau Holden,Peter Stader,James Lew,Jeremy Fitzgerald,Russell Solberg,Don Snell,Gary Carlos Cervantes,Leticia Bombardier,Carl Ciarfalio,Steven Lambert,Gilbert Rosales,Rick Avery,Mario Roberts,Eileen Weisinger,Keii Johnston,Mike Watson,Kurt D. Lott,Lincoln Simonds,Steve Tomaski,Buck McDancer,John Callery,Ousaun Elam,Brian Avery"
The Firm,3.3,155,2:35,English,Sydney Pollack,1993,"Thriller,Mystery,Drama",USA,4272,36561,"Tom Cruise,Jeanne Tripplehorn,Gene Hackman,Hal Holbrook,Terry Kinney,Wilford Brimley,Ed Harris,Holly Hunter,David Strathairn,Gary Busey,Steven Hill,Tobin Bell"
Vanilla Sky,3.34,136,2:16,English,Cameron Crowe,2001,"Romance,Science Fiction,Thriller",USA,7095,75289,"Tom Cruise,Penélope Cruz,Cameron Diaz,Kurt Russell,Jason Lee,Noah Taylor,Timothy Spall,Tilda Swinton,Michael Shannon,Delaina Mitchell,Shalom Harlow,Oona Hart,Ivana Miličević,Johnny Galecki,Jhaemi Willens,Armand Schultz,Cameron Watson,Robertson Dean,W. Earl Brown,Ray Proscia,Tim Hopper,Alicia Witt,Ken Leung,Carolyn Byrne,Mark Pinter,Jeff Weiss,Conan O'Brien,James Murtaugh,Mark Kozelek,John Fedevich,Bobby Walsh,Stacey Sher,Fred Schruers,Jessica Siemens,Julia Carothers Hughes,Holly Raye,Marty Collins"
Jerry Maguire,3.52,138,2:18,English,Cameron Crowe,1996,"Comedy,Drama,Romance",USA,8464,82248,"Tom Cruise,Renée Zellweger,Cuba Gooding Jr.,Kelly Preston,Jerry O'Connell,Jay Mohr,Regina King,Bonnie Hunt,Jonathan Lipnicki,Todd Louiso,Mark Pellington,Jeremy Suarez,Jared Jussim,Benjamin Kimball Smith,Ingrid Beer,Jann Wenner,Nada Despotovich,Alexandra Wentworth,Aries Spears,Kelly Coffield Park,Alice Marie Crowe,Larina Adamson,Winnie Holzman,Diana Jordan,Susan Norfleet,Susan Pingleton,Cha-Cha Sandoval,Hynden Walch,Glenn Frey,Donal Logue,Tom Gallop,Beaumont Bacon,Lisa Amsterdam,Angela Goethals,Leslie Upson,Rick Johnson,Lightfield Lewis,Jerry Cantrell,Toby Huss,Drake Bell,Christine Cavanaugh,Russel Lunday,Eric Stoltz,Lamont Johnson,Brent Barry,Charlie Cronin,Theo Greenly,Rod Tate,Danny Rimmer,Michael James Johnson,Jordan Ross,Brandon Christianson"
Minority Report,3.67,145,2:25,"English,Swedish",Steven Spielberg,2002,"Action,Science Fiction,Mystery,Thriller",USA,12907,173572,"Tom Cruise,Colin Farrell,Samantha Morton,Max von Sydow,Peter Stormare,Tim Blake Nelson,Kathryn Morris,Neal McDonough,Steve Harris,Lois Smith,Mike Binder,Daniel London,Jessica Capshaw,Patrick Kilpatrick,Jessica Harper,Ashley Crow,Arye Gross,Fiona Hale,George Wallace,Frank Grillo,William Mapother,Jason Antoon,Vanessa Asbert,Tyler Patrick Jones,Richard Coca,Keith Campbell,Kirk B.R. Woller,Klea Scott,Anna Maria Horsford,Sarah Simmons,Eugene Osment,James Henderson,Vene L. Arcoraci,Erica Ford,Keith Flippen,Radmar Agana Jao,Karina Logue,Elizabeth Anne Smith,Victoria Garcia-Kelleher,Jim Rash,Stephen Ramsey,Tom Choi,Tom Whitenight"
THX 1138,3.36,86,1:26,English,George Lucas,1971,"Action,Drama,Science Fiction",USA,4478,25289,"Robert Duvall,Donald Pleasence,Don Pedro Colley,Maggie McOmie,Ian Wolfe,Marshall Efron,Sid Haig,John Pearce,Irene Cagen,Gary Alan Marsh,John Seaton,Eugene I. Stillman,Jack Walsh,Mark Lawhead,Robert Feero,Johnny Weissmuller Jr.,Claudette Bessing,Susan Stroh"
Who Framed Roger Rabbit,3.88,104,1:44,English,Robert Zemeckis,1988,"Crime,Fantasy,Comedy,Family,Animation",USA,12867,146306,"Bob Hoskins,Charles Fleischer,Christopher Lloyd,Joanna Cassidy,Kathleen Turner,Stubby Kaye,Alan Tilvern,Richard LeParmentier,Lou Hirsch,Betsy Brantley,Mel Blanc,Mae Questel,Richard Williams,Wayne Allwine,Frank Welker,Mickie McGowan,Jack Angel,Nancy Cartwright,June Foray,Joel Silver"
Buffalo '66,3.89,110,1:50,English,Vincent Gallo,1998,"Romance,Drama,Comedy",USA,13306,61684,"Vincent Gallo,Christina Ricci,Ben Gazzara,Anjelica Huston,Rosanna Arquette,Jan-Michael Vincent,Kevin Corrigan,Mickey Rourke,Kevin Pollak,Alex Karras,John Sansone"
Nights of Cabiria,4.28,110,1:50,Italian,Federico Fellini,1957,Drama,Italy,4976,31303,"Giulietta Masina,François Périer,Franca Marzi,Amedeo Nazzari,Aldo Silvani,Dorian Gray,Ennio Girolami,Mario Passante,Franco Balducci,Ciccio Barbi,Luciano Bonanni,Leo Catozzo,Mimmo Poli,Dominique Delouche"
Eternity and a Day,4.32,137,2:17,"Greek (modern),English,Italian",Theo Angelopoulos,1998,Drama,France,2298,15511,"Bruno Ganz,Fabrizio Bentivoglio,Isabelle Renauld,Achileas Skevis,Alexandra Ladikou,Despina Bebedelli,Eleni Gerasimidou,Iris Chatziantoniou,Nikos Kouros,Alekos Oudinotis,Vasilis Kolovos,Mihalis Giannatos,Petros Fyssoun,Pemi Zouni,Lazaros Andreou,Leonidas Vardaros,Vassilia Kavouka"
Autumn Sonata,4.33,93,1:33,"Swedish,English",Ingmar Bergman,1978,Drama,France,8411,40108,"Ingrid Bergman,Liv Ullmann,Lena Nyman,Halvar Björk,Marianne Aminoff,Arne Bang-Hansen,Gunnar Björnstrand,Erland Josephson,Linn Ullmann,Georg Løkkeberg,Mimi Pollak,Eva von Hanno,Knut Wigert"
We're All Going to the World's Fair,3.24,86,1:26,English,Jane Schoenbrun,2021,"Drama,Horror",USA,8811,17593,"Anna Cobb,Michael J Rogers,May Leitz,Theo Anthony,Evan Santiago,Turner Greaves,Holly Anne Frink,Slight Sounds ASMR,Marc Santiago,Karen Cavanaugh,David Buzen,Ilan Barnoon,Carlos Zozaya"
Ordet,4.28,125,2:05,Danish,Carl Theodor Dreyer,1955,Drama,Denmark,2409,15367,"Birgitte Federspiel,Henrik Malberg,Emil Hass Christensen,Ejner Federspiel,Kirsten Andreasen,Sylvia Eckhausen,Ann Elisabeth Groth,Cay Kristiansen,Preben Lerdorff Rye,Gerda Nielsen,Ove Rud,Susanne Rud,Henry Skjær,Edith Trane"
Dancer in the Dark,4.08,141,2:21,English,Lars von Trier,2000,"Crime,Drama",Argentina,9089,65341,"Björk,Catherine Deneuve,David Morse,Peter Stormare,Joel Grey,Cara Seymour,Vladica Kostic,Jean-Marc Barr,Vincent Paterson,Siobhan Fallon Hogan,Zeljko Ivanek,Udo Kier"
Apollo 10½: A Space Age Childhood,3.59,98,1:38,English,Richard Linklater,2022,"Science Fiction,Adventure,Animation,Comedy",Netherlands,7230,20553,"Milo Coy,Jack Black,Zachary Levi,Glen Powell,Josh Wiggins,Lee Eddy,Bill Wise,Natalie L'Amoreaux,Jessica Brynn Cohen,Sam Chipman,Danielle Guilbot,Larry Jack Dotson,Mona Lee Fultz,Jennifer Griffin,Holt Boggs,Reese Armstrong,Samuel Davis,Nick Stevenson"
The Northman,3.92,137,2:17,"English,Icelandic",Robert Eggers,2022,"Adventure,Action,Fantasy",China,90062,253032,"Alexander Skarsgård,Nicole Kidman,Claes Bang,Ethan Hawke,Anya Taylor-Joy,Gustav Lindh,Willem Dafoe,Phill Martin,Eldar Skar,Olwen Fouéré,Oscar Novak,Ingvar E. Sigurðsson,Jack Walsh,Björk,Ian Whyte,Katie Pattinson,Kate Dickie,Edgar Abram,Elliott Rose,Jack Gassmann,Andrea O’Neill"
Marcel the Shell with Shoes On,4.15,90,1:30,English,Dean Fleischer-Camp,2021,"Adventure,Comedy,Family,Animation",USA,474,819,"Jenny Slate,Dean Fleischer-Camp,Isabella Rossellini,Thomas Mann,Rosa Salazar,Lesley Stahl,Nathan Fielder,Andy Richter,Sarah Thyre,Jessi Klein,Peter Bonerz"
Turning Red,3.79,100,1:40,English,Domee Shi,2022,"Fantasy,Comedy,Family,Animation",USA,102985,334150,"Rosalie Chiang,Sandra Oh,Ava Morse,Maitreyi Ramakrishnan,Hyein Park,Orion Lee,Wai Ching Ho,Lori Tan Chinn,Sherry Cola,Lillian Lim,James Hong,Jordan Fisher,Finneas O'Connell,Josh Levi,Sasha Roiz,Anne-Marie,Evan Agos,Trinity Bliss,Devin Bright,Kimberly Brooks,Ian James Corlett,Juliet Donenfeld,Terri Douglas,Ellen Dubin,Alison Fernandez,Jack Fisher"
The Magnificent Seven,3.72,128,2:08,"English,Spanish",John Sturges,1960,Western,USA,2850,27709,"Yul Brynner,Eli Wallach,Steve McQueen,Charles Bronson,Robert Vaughn,Brad Dexter,James Coburn,Horst Buchholz,Jorge Martínez de Hoyos,Vladimir Sokoloff,Rosenda Monteros,Rico Alaniz"
The Sword of Doom,4.06,122,2:02,Japanese,Kihachi Okamoto,1966,"Drama,Action",Japan,1982,10278,"Tatsuya Nakadai,Yûzô Kayama,Michiyo Aratama,Yōko Naitō,Toshiro Mifune,Tadao Nakamaru,Kei Satō,Kō Nishimura,Ichirô Nakatani,Kunie Tanaka,Takamaru Sasaki,Ryōsuke Kagawa"
Demons,4.15,134,2:14,Japanese,Toshio Matsumoto,1971,"Horror,Drama",Japan,858,3948,"Katsuo Nakamura,Juro Kara,Yasuko Sanjo,Masao Imafuku,Tamotsu Tamura,Hideo Kanze,Kappei Matsumoto,Shinji Amano,Hatsuo Yamaya,Yusuke Minami,Takashi Ebata,Atsuko Kawaguchi"
Samurai Rebellion,4.16,121,2:01,Japanese,Masaki Kobayashi,1967,"Drama,Action",Japan,1401,8485,"Toshiro Mifune,Yôko Tsukasa,Gō Katō,Tatsuyoshi Ehara,Etsuko Ichihara,Isao Yamagata,Tatsuya Nakadai,Shigeru Kôyama,Michiko Otsuka,Tatsuo Matsumura,Masao Mishima,Jun Hamamura,Takamaru Sasaki,Hideo Fukuhara,Tetsuko Kobayashi,Hisano Yamaoka,Yoshirô Aoki"
Kagemusha,4.08,180,3:00,Japanese,Akira Kurosawa,1980,"Drama,War,History,Action",Japan,2729,19303,"Tatsuya Nakadai,Tsutomu Yamazaki,Kenichi Hagiwara,Jinpachi Nezu,Hideji Ôtaki,Daisuke Ryû,Masayuki Yui,Kaori Momoi,Mitsuko Baisho,Hideo Murota,Takayuki Shiho,Kôji Shimizu,Noboru Shimizu,Sen Yamamoto,Shuhei Sugimori,Kota Yui,Yasuhito Yamanaka,Kumeko Otowa"
Millennium Actress,4.11,87,1:27,Japanese,Satoshi Kon,2001,"Romance,Drama,Animation",Japan,7658,42001,"Miyoko Shoji,Mami Koyama,Fumiko Orikasa,Showko Tsuda,Shozo Iizuka,Masaya Onosaka,Masane Tsukayama,Kôichi Yamadera,Hisako Kyoda,Tomie Kataoka"
Tokyo Godfathers,4.09,93,1:33,"Japanese,English,Spanish",Satoshi Kon,2003,"Animation,Drama,Comedy",Japan,9660,59754,"Aya Okamoto,Yoshiaki Umegaki,Tôru Emori,Satomi Korogi,Mamiko Noto,Ryūji Saikachi,Kyoko Terase,Rikiya Koyama,Hiroya Ishimaru,Kôichi Yamadera,Akio Otsuka,Yûsaku Yara,Seizō Katō,Shozo Iizuka"
Men,2.94,100,1:40,English,Alex Garland,2022,"Horror,Drama",UK,27545,50590,"Jessie Buckley,Rory Kinnear,Paapa Essiedu,Gayle Rankin,Sarah Twomey,Zak Rothera-Oxley,Sonoya Mizuno"
Cha Cha Real Smooth,3.96,107,1:47,"English,Hebrew (modern)",Cooper Raiff,2022,"Romance,Comedy,Drama",USA,2348,3792,"Cooper Raiff,Dakota Johnson,Vanessa Burghardt,Evan Assante,Leslie Mann,Brad Garrett,Raúl Castillo,Colton Osario,Amara Pedroso Saquel,Odeya Rush,Brooklyn Ramirez,Kelly O'Sullivan,Javien Mercado,Chris Newman"
Who's Afraid of Virginia Woolf?,4.16,131,2:11,"English,Latin",Mike Nichols,1966,Drama,USA,6124,34012,"Elizabeth Taylor,Richard Burton,George Segal,Sandy Dennis,Agnes Flanagan,Frank Flanagan"
The Double Life of Véronique,4.07,98,1:38,"French,Italian,Polish",Krzysztof Kieślowski,1991,"Drama,Mystery,Fantasy",France,7808,51021,"Irène Jacob,Halina Gryglaszewska,Philippe Volter,Guillaume de Tonquédec,Kalina Jędrusik,Aleksander Bardini,Władysław Kowalski,Jerzy Gudejko,Janusz Sterninski,Sandrine Dumas,Louis Ducreux,Claude Duneton,Lorraine Evanoff"
Ping Pong the Animation,4.54,250,4:10,"Japanese,Chinese",Takehiro Kubota,2014,"Drama,Animation",Japan,882,6161,"Koki Uchiyama,Fukujuro Katayama,Yousei Bun,Shunsuke Sakuya,Subaru Kimura,Yûsaku Yara,Masako Nozawa"
The Best Years of Our Lives,4.15,171,2:51,English,William Wyler,1946,"Romance,Drama,War",USA,2982,18904,"Myrna Loy,Fredric March,Dana Andrews,Teresa Wright,Virginia Mayo,Cathy O'Donnell,Hoagy Carmichael,Harold Russell,Gladys George,Roman Bohnen,Ray Collins,Minna Gombell"
It Happened One Night,4.07,105,1:45,English,Frank Capra,1934,"Comedy,Romance",USA,7097,43854,"Clark Gable,Claudette Colbert,Walter Connolly,Roscoe Karns,Jameson Thomas,Alan Hale,Arthur Hoyt,Blanche Friderici,Charles C. Wilson,Irving Bacon,Ward Bond,James Burke"
Farewell My Concubine,4.21,171,2:51,Chinese,Chen Kaige,1993,Drama,China,1765,14156,"Leslie Cheung,Zhang Feng Yi,Gong Li,Jiang Wenli,Ge You,Lu Qi,Ying Da,Yi Di,Yitong Zhi,Fei Zhenxiang,Li Chun,Lei Han,Fei Yang,Ma Ming-Wei,Zhao Hai-Long,Yin Zhi,Li Dan,Yang Yong-Chao"
The Salesman,3.78,125,2:05,Persian (Farsi),Asghar Farhadi,2016,"Drama,Thriller",France,3019,30606,"Shahab Hosseini,Tarane Alidousti,Babak Karimi,Mina Sadati,Mehdi Koushki,Farid Sajjadi Hosseini,Maral Bani Adam,Mojtaba Pirzadeh,Sam Valipour,Shirin Aghakashi,Emad Emami,Sahra Asadollahe,Ehteram Boroumand,Erfan Barzin,Alireza Rofougaran"
Pierrot le Fou,3.99,110,1:50,French,Jean-Luc Godard,1965,"Thriller,Drama",France,8037,48506,"Jean-Paul Belmondo,Anna Karina,Graziella Galvani,Dirk Sanders,Jimmy Karoubi,Roger Dutoit,Hans Meyer,Samuel Fuller,Aicha Abadir,Raymond Devos,Jean-Pierre Léaud,Georges Staquet,Henri Attal,Dominique Zardi,Pierre Hanin,László Szabó,Pascal Aubier,Maurice Auzel,Krista Nell"
Sweet Smell of Success,4.18,97,1:37,English,Alexander Mackendrick,1957,Drama,USA,5183,25222,"Burt Lancaster,Tony Curtis,Susan Harrison,Martin Milner,Sam Levene,Barbara Nichols,David White,Jeff Donnell,Edith Atwater,Joe Frisco,Emile Meyer,Bess Flowers,Colin Kenny,Lawrence Dobkin,John Fiedler,Bert Stevens,Arthur Tovey,William H. O'Brien,Marion Gray"
Only Angels Have Wings,4.04,121,2:01,"English,Spanish",Howard Hawks,1939,"Adventure,Romance,Drama",USA,2560,13123,"Cary Grant,Jean Arthur,Richard Barthelmess,Rita Hayworth,Thomas Mitchell,Allyn Joslyn,Sig Ruman,Victor Kilian,John Carroll,Don Barry,Noah Beery Jr.,Pat Flaherty,Stanley Brown,Cecilia Callejo,Candy Candido,Vernon Dent,Forbes Murray,Robert Sterling,Rafael Alcayde"
Trump vs the Illuminati,1.45,69,1:09,English,BC Fourteen,2020,"Science Fiction,Animation,Comedy",USA,230,381,"Timothy Banfield,Wes Bruff,Marco Guzmán"
Queen of Katwe,3.61,124,2:04,English,Mira Nair,2016,Drama,USA,1457,10105,"Madina Nalwanga,David Oyelowo,Lupita Nyong'o,Martin Kabanza,Taryn ""Kay"" Kyaze,Esther Tebandeke,Ntare Guma Mbaho Mwine,Ethan Nazario Lubega,Nikita Waligwa,Ronald Ssemaganda,Peter Odeke,Philip Luswata,Joanitta Bewulira-Wandera,Ivan Jacobo,Nicolas Levesque,Babirye Stellah,Edgar Kanyike,Hope Katende,Maurice Kirya"
The Tragedy of Macbeth,3.77,105,1:45,English,Joel Coen,2021,"Drama,War",USA,38591,103590,"Denzel Washington,Frances McDormand,Alex Hassell,Bertie Carvel,Brendan Gleeson,Corey Hawkins,Harry Melling,Miles Anderson,Matt Helm,Moses Ingram,Kathryn Hunter,Scott Subiono,Brian Thompson,Lucas Barker"
The Souvenir: Part II,3.93,108,1:48,"English,French",Joanna Hogg,2021,Drama,Ireland,4288,11111,"Honor Swinton Byrne,Richard Ayoade,Tilda Swinton,Charlie Heaton,Joe Alwyn,Harris Dickinson,Ariane Labed,Jack McMullen,Amber Anderson,Alice McMillan,Tosin Cole"
Wings of Desire,4.22,128,2:08,"German,English,French,Hebrew (modern),Japanese,Spanish,Turkish",Wim Wenders,1987,"Romance,Fantasy,Drama",Germany,8613,53596,"Bruno Ganz,Solveig Dommartin,Otto Sander,Curt Bois,Peter Falk,Hans Martin Stier,Elmar Wilms,Sigurd Rachman,Beatrice Manowski,Lajos Kovács,Bruno Rosaz,Laurent Petitgand,Chick Ortega,Otto Kuhnle,Christoph Merg,Peter Werner,Teresa Harder,Jürgen Heinrich,Annelinde Gerstl,Mick Harvey,Nick Cave,Blixa Bargeld,Susanne Vierkötter,Paul Busch,Karin Busch,Irene Moessinger,Franky,Daniela Nasimcova,Bernard Eisenschitz,Didier Flamand,Rolf Henke,Scott Kirby,Franck Glemin,Jerry Barrish,Jeanette Pollak,Christian Bartels,David Crome,Käthe Fürstenwerth"
The Player,3.93,124,2:04,English,Robert Altman,1992,"Mystery,Comedy,Drama,Crime",USA,8901,44421,"Tim Robbins,Greta Scacchi,Fred Ward,Whoopi Goldberg,Peter Gallagher,Brion James,Cynthia Stevenson,Vincent D'Onofrio,Dean Stockwell,Richard E. Grant,Sydney Pollack,Lyle Lovett,Dina Merrill,Angela Hall,Randall Batinkoff,Jeremy Piven,Gina Gershon,Michael Tolkin,Steve Allen,Richard Anderson,René Auberjonois,Harry Belafonte,Karen Black,Michael Bowen,Gary Busey,Robert Carradine,Cher,James Coburn,John Cusack"
Nashville,4.11,160,2:40,"English,French",Robert Altman,1975,"Music,Comedy,Drama",USA,6351,27709,"David Arkin,Barbara Baxley,Ned Beatty,Karen Black,Ronee Blakley,Timothy Brown,Keith Carradine,Geraldine Chaplin,Robert DoQui,Shelley Duvall,Allen Garfield,Henry Gibson,Scott Glenn,Jeff Goldblum,Barbara Harris,David Hayward"
The Long Goodbye,4.11,112,1:52,"English,Spanish",Robert Altman,1973,"Thriller,Comedy,Crime,Mystery",USA,11519,45579,"Elliott Gould,Nina van Pallandt,Sterling Hayden,Mark Rydell,Henry Gibson,David Arkin,Jim Bouton,Warren Berlinger,Jo Ann Brody,Stephen Coit,Jack Knight,Pepe Callahan"
Z,4.2,127,2:07,"French,Russian",Costa-Gavras,1969,"Drama,Thriller,History",Algeria,2834,16801,"Yves Montand,Irene Papas,Allel El Mouhib,Jean-Louis Trintignant,Jacques Perrin,Charles Denner,Bernard Fresson,François Périer,Pierre Dux,Georges Géret,Magali Noël,Marcel Bozzuffi,Renato Salvatori"
"4 Months, 3 Weeks and 2 Days",4.1,114,1:54,Romanian,Cristian Mungiu,2007,Drama,Belgium,3112,25899,"Anamaria Marinca,Laura Vasiliu,Vlad Ivanov,Alexandru Potocean,Luminița Gheorghiu,Adi Cărăuleanu,Liliana Mocanu,Doru Ana,Ion Sapdaru,Cerasela Iosifescu,Tania Popa,Teodor Corban,Eugenia Bosânceanu"
Broadcast News,3.96,133,2:13,"English,German,Spanish,French",James L. Brooks,1987,"Romance,Comedy",USA,7416,28792,"William Hurt,Albert Brooks,Holly Hunter,Robert Prosky,Lois Chiles,Joan Cusack,Peter Hackes,Christian Clemenson,Jack Nicholson,Robert Katims,Ed Wheeler,Stephen Mendillo,Kimber Shoop,Dwayne Markee,Gennie James,Leo Burmester,Amy Brooks,Jane Welch,Jonathan Benya,Frank Doubleday,Sally Knight,Manuel Alvarez,Luis Valderrama,Francisco Garcia"
Four Weddings and a Funeral,3.38,117,1:57,English,Mike Newell,1994,"Romance,Drama,Comedy",UK,8546,61561,"Hugh Grant,Andie MacDowell,James Fleet,Simon Callow,John Hannah,Kristin Scott Thomas,David Bower,Charlotte Coleman,Anna Chancellor,Rowan Atkinson,Corin Redgrave,Timothy Walker,Sara Crowe,Ronald Herdman,Elspet Gray,Philip Voss,Kenneth Griffith,Rupert Vansittart,Nicola Walker"
Enemy,3.67,91,1:31,English,Denis Villeneuve,2013,"Thriller,Mystery",Canada,29854,205129,"Jake Gyllenhaal,Mélanie Laurent,Sarah Gadon,Isabella Rossellini,Joshua Peace,Tim Post,Kedar Brown,Darryl Dinn,Megan Mane,Misha Highstead,Alexis Uiga,Kiran Friesen,Loretta Yu,Stephen R. Hart,Paul Stephen"
Incendies,4.28,131,2:11,"French,Arabic,English",Denis Villeneuve,2010,"Drama,Mystery,War",Canada,14914,96387,"Lubna Azabal,Mélissa Désormeaux-Poulin,Maxim Gaudette,Rémy Girard,Allen Altman,Abdelghafour Elaaziz,Dominique Briand,Frédéric Paquet,Ahmad Massad,John Dunn-Hill,Jackie Sawiris,Lara Atalla,Baya Belal,Yousef Shweihat"
Cool Hand Luke,4.06,127,2:07,English,Stuart Rosenberg,1967,"Crime,Drama",USA,5615,47273,"Paul Newman,George Kennedy,Luke Askew,Morgan Woodward,Harry Dean Stanton,Dennis Hopper,Lou Antonio,Robert Drivas,Strother Martin,Jo Van Fleet,Clifton James,Marc Cavell,Richard Davalos"
The Sting,4.06,129,2:09,English,George Roy Hill,1973,"Crime,Drama,Comedy",USA,5523,56836,"Paul Newman,Robert Redford,Robert Shaw,Charles Durning,Ray Walston,Eileen Brennan,Harold Gould,John Heffernan,Dana Elcar,Jack Kehoe,Dimitra Arliss,Robert Earl Jones,James Sloyan,Charles Dierkop,Lee Paul,Sally Kirkland,Avon Long"
Black Swan,4.11,108,1:48,"English,French,Italian",Darren Aronofsky,2010,"Drama,Thriller,Horror",USA,56287,577208,"Natalie Portman,Mila Kunis,Vincent Cassel,Barbara Hershey,Winona Ryder,Benjamin Millepied,Ksenia Solo,Kristina Anapau,Janet Montgomery,Sebastian Stan,Toby Hemingway,Sergio Torrado,Mark Margolis,Tina Sloan,Abraham Aronofsky,Charlotte Aronofsky,Marcia Jean Kurtz,Shaun O'Hagan,Chris Gartin,Deborah Offner,Stanley B. Herman"
Titane,3.67,108,1:48,French,Julia Ducournau,2021,"Horror,Drama,Thriller",Belgium,63568,163634,"Agathe Rousselle,Vincent Lindon,Garance Marillier,Laïs Salameh,Mara Cissé,Marin Judas,Diong-Kéba Tacu,Myriem Akheddiou,Bertrand Bonello,Céline Carrère,Adèle Guigue,Thibault Cathalifaud,Dominique Frot"
Hustle,3.61,118,1:58,"English,German,Serbian,Spanish",Jeremiah Zagar,2022,"Drama,Comedy",USA,4183,12048,"Adam Sandler,Robert Duvall,Ben Foster,Queen Latifah,Jordan Hull,Juancho Hernangomez,María Botto,Heidi Gardner,Ainhoa Pillet,Kenny Smith,Tobias Harris,Seth Curry"
King of New York,3.71,103,1:43,"English,Spanish",Abel Ferrara,1990,"Crime,Thriller",Italy,6664,31819,"Christopher Walken,David Caruso,Laurence Fishburne,Victor Argo,Wesley Snipes,Janet Julian,Joey Chin,Giancarlo Esposito,Paul Calderon,Steve Buscemi,Theresa Randle,Leonard L. Thomas,Roger Guenveur Smith,Carrie Nygren,Ernest Abuba,Ariane,Harold Perrineau,Gerard Murphy,Vanessa Angel,Frank Aquilino"
The Conformist,4.09,108,1:48,"Italian,French,Latin",Bernardo Bertolucci,1970,Drama,France,3865,27259,"Jean-Louis Trintignant,Stefania Sandrelli,Gastone Moschin,Dominique Sanda,Enzo Tarascio,Fosco Giachetti,José Quaglio,Yvonne Sanson,Milly,Antonio Maestri,Alessandro Haber,Luciano Rossi,Massimo Sarchielli,Pierangelo Civera,Giuseppe Addobbati"
A Clockwork Orange,4.14,137,2:17,English,Stanley Kubrick,1971,"Science Fiction,Drama",UK,32518,425350,"Malcolm McDowell,Warren Clarke,Michael Tarn,James Marcus,Patrick Magee,Michael Bates,John Clive,Adrienne Corri,Carl Duering,Paul Farrell,Clive Francis,Michael Gover,Miriam Karlin,Aubrey Morris,Godfrey Quigley,Sheila Raynor"
House of Gucci,3.01,158,2:38,"English,Italian,Kurdish",Ridley Scott,2021,"Drama,Crime,History",Canada,58152,181092,"Lady Gaga,Adam Driver,Jared Leto,Al Pacino,Salma Hayek,Jeremy Irons,Jack Huston,Camille Cottin,Reeve Carney,Mãdãlina Ghenea,Youssef Kerkour,Florence Andrews,Mia McGovern Zaini,Vincent Riotta,Eva Moore"
Spencer,3.78,117,1:57,English,Pablo Larraín,2021,Drama,Chile,72762,204718,"Kristen Stewart,Jack Farthing,Sally Hawkins,Timothy Spall,Sean Harris,Thomas Douglas,Olga Hellsing,Matthias Wolkowski,Oriana Gordon,Ryan Wichert,John Keogh,Amy Manson,Elizabeth Berrington,Jack Nielen"
The Hand of God,3.79,130,2:10,Italian,Paolo Sorrentino,2021,Drama,Italy,17813,77543,"Filippo Scotti,Toni Servillo,Teresa Saponangelo,Luisa Ranieri,Marlon Joubert,Massimiliano Gallo,Betti Pedrazzi,Renato Carpentieri,Enzo De Caro,Sofya Gershevich,Lino Musella,Biagio Manna,Ciro Capano"
Leaving Las Vegas,3.67,111,1:51,English,Mike Figgis,1995,"Romance,Drama",USA,4496,35250,"Nicolas Cage,Elisabeth Shue,Julian Sands,Richard Lewis,Steven Weber,Kim Adams,Emily Procter,Stuart Regen,Valeria Golino,Graham Beckel,Albert Henderson,Shashi Bhatia,Carey Lowell,Anne Lange,Thomas Kopache,Vincent Ward,Lucinda Jenney"
The Abyss,3.59,139,2:19,English,James Cameron,1989,"Thriller,Adventure,Action,Science Fiction",USA,5138,45299,"Ed Harris,Mary Elizabeth Mastrantonio,Michael Biehn,Leo Burmester,Todd Graff,John Bedford Lloyd,Kimberly Scott,Chris Elliott,J. C. Quinn,Captain Kidd Brewer Jr.,George Robert Klek,Christopher Murphy,Adam Nelson"
Animal House,3.47,109,1:49,English,John Landis,1978,Comedy,USA,3802,43275,"John Belushi,Tim Matheson,John Vernon,Verna Bloom,Tom Hulce,Cesare Danova,Peter Riegert,Mary Louise Weller,Stephen Furst,James Widdoes,Bruce McGill,Mark Metcalf,DeWayne Jessie,Karen Allen,James Daughton,Martha Smith"
Pather Panchali,4.28,125,2:05,"Bengali, Bangla",Satyajit Ray,1955,Drama,India,4470,24698,"Subir Banerjee,Uma Das Gupta,Karuna Banerjee,Kanu Bannerjee,Chunibala Devi,Runki Banerjee,Reba Devi,Aparna Devi,Tulsi Chakraborty,Haren Banerjee,Rampada Das,Nibhanani Devi,Rama Gangopadhaya,Roma Ganguli,Binoy Mukherjee,Haridhan Nag,Harimohan Nag,Kshirod Roy,Suren Roy"
West Side Story,3.79,152,2:32,"English,Spanish",Robert Wise,1961,"Romance,Drama,Crime",USA,15929,104278,"Natalie Wood,Richard Beymer,Russ Tamblyn,Rita Moreno,George Chakiris,Simon Oakland,Ned Glass,William Bramley,Tucker Smith,Tony Mordente,David Winters,Eliot Feld,Bert Michaels,David Bean,Robert Banas,Scooter Teague,Harvey Evans,Tommy Abbott,Susan Oakes"
Winter Light,4.15,80,1:20,Swedish,Ingmar Bergman,1963,Drama,Sweden,4795,29792,"Gunnar Björnstrand,Ingrid Thulin,Gunnel Lindblom,Max von Sydow,Allan Edwall,Kolbjörn Knudsen,Olof Thunberg,Elsa Ebbesen-Thornblad,Tor Borong,Bertha Sånnell,Helena Palmgren,Eddie Axberg,Lars-Owe Carlberg,Ingmari Hjort,Stefan Larsson,Johan Olafs,Lars-Olof Andersson,Christer Öhman"
La Dolce Vita,4.22,176,2:56,"Italian,German,English,French",Federico Fellini,1960,"Drama,Comedy",France,6586,54888,"Marcello Mastroianni,Anita Ekberg,Anouk Aimée,Yvonne Furneaux,Magali Noël,Alain Cuny,Annibale Ninchi,Walter Santesso,Valeria Ciangottini,Riccardo Garrone,Ida Galli,Audrey McDonald,Polidor,Alain Dijon,Mino Doro,Giulio Girola,Laura Betti,Nico,Domino,Carlo Musto,Enzo Cerusico,Giulio Paradisi,Enzo Doria,Enrico Glori,Adriana Moneta,Massimo Busetti,Lex Barker,Jacques Sernas,Nadia Gray,Giuseppe Addobbati,Conte Brunoro Serego Aligheri,Gabriella Andreini,Federika André,Armando Annuale,Joan Antequera,Juan Antequero,Gianni Baghino,Nadia Balabine,Ignazio Balsamo,Remo Benedetti,Andrea Bianchi,Lars Bloch,Leonardo Botta,Ida Bracci Dorati,Ferdinando Brofferio,Giovanna Busetti,Tito Buzzo,Daniela Calvino,Tony Campanino,Fabrizio Capucci,Donato Castellaneta,Adriano Celentano,Elisabetta Cini,Giulio Citti,Leo Coleman,Nani Colombo,Mario Conocchia,Francesco Consalvo,Tiziano Cortini,Decimo Cristiani,Mario De Grenet,Andrea De Pino,Adele De Rossi,Donatella Della Nora,Christine Denise,Katherine Denise"
Ed Wood,4.02,127,2:07,English,Tim Burton,1994,"Comedy,Drama,History",USA,7662,69632,"Johnny Depp,Martin Landau,Sarah Jessica Parker,Patricia Arquette,Jeffrey Jones,Bill Murray,Lisa Marie,George Steele,G. D. Spradlin,Vincent D'Onofrio,Mike Starr,Max Casella,Brent Hinkley,Jim Myers,Juliet Landau,Clive Rosengren,Norman Alden,Leonard Termo,Ned Bellamy,Danny Dayton,Ross Manarchy,Bill Cusack,Stanley DeSantis,Biff Yeager,Joseph R. Gannascoli,Carmen Filpi,Lisa Malkiewicz,Melora Walters"
Pride & Prejudice,4.12,127,2:07,English,Joe Wright,2005,"Drama,Romance",France,53652,276071,"Keira Knightley,Matthew Macfadyen,Brenda Blethyn,Donald Sutherland,Judi Dench,Tom Hollander,Rosamund Pike,Jena Malone,Kelly Reilly,Claudie Blakley,Peter Wight,Penelope Wilton"
The Oath,3.63,90,1:30,"English,Arabic",Laura Poitras,2010,Documentary,Cuba,78,508,"Osama bin Laden,Salim Hamdan,Abu Jandal"
Ivan's Childhood,4.1,95,1:35,"Russian,German",Andrei Tarkovsky,1962,"War,Drama",USSR,5829,41556,"Nikolay Burlyaev,Valentin Zubkov,Nikolay Grinko,Yevgeni Zharikov,Valentina Malyavina,Irma Raush,Stepan Krylov,Dmitri Milyutenko,Andrei Konchalovsky"
Lamb,3.17,106,1:46,Icelandic,Valdimar Jóhannsson,2021,"Fantasy,Horror,Drama",Iceland,26028,77224,"Noomi Rapace,Hilmir Snær Guðnason,Björn Hlynur Haraldsson,Ingvar E. Sigurðsson,Ester Bibi,Sigurður Elvar Viðarson,Theodór Ingi Ólafsson,Arnþruður Dögg Sigurðardóttir,Gunnar Þor Karlsson,Lára Björk Hall"
The Young Girls of Rochefort,4.24,126,2:06,French,Jacques Demy,1967,"Comedy,Drama,Romance",France,9186,27772,"Catherine Deneuve,Françoise Dorléac,Jacques Perrin,Gene Kelly,Danielle Darrieux,Michel Piccoli,George Chakiris,Grover Dale,Jacques Riberolles,Geneviève Thénier,Henri Crémieux,Pamela Hart,Leslie North,Patrick Jeantet,René Pascal,Dorothée Blanck,Daniel Moquay,Daniel Gall,Bernard Fradet,Remy Brozek,Véronique Duval,Pierre Caden,Peter Ardran,Wendy Barry,Sarah Butler,Anne Chapman,Jane Darling,Tudor Davies"
An Elephant Sitting Still,4.24,234,3:54,Chinese,Hu Bo,2018,Drama,China,4323,16775,"Peng Yuchang,Wang Yuwen,Zhang Yu,Li Congxi,Zhenghui Ling,Xiaolong Zhang,Li Danyi,Kong Wei,Kong Yixin,Chaobei Wang,Wang Xueyang,Zhu Yan Man Zi,Zhaoyan Guozhang,Li Suyun,Huang Ximan,Li Qing,He Miaomiao,Li Binyuan"
Crimes and Misdemeanors,3.95,104,1:44,English,Woody Allen,1989,"Comedy,Drama",USA,2209,27776,"Woody Allen,Martin Landau,Anjelica Huston,Joanna Gleason,Alan Alda,Sam Waterston,Jerry Orbach,Jenny Nichols,Mia Farrow,Caroline Aaron,Daryl Hannah,Bill Bernstein,Claire Bloom,Stephanie Roth Haberle,Gregg Edelman,George J. Manos,Dolores Sutton,Donna Castellano,Joel Fogel,Thomas Crowe,Kenny Vance,Jerry Zaks,Rebecca Schull,David S. Howard"
Ponyo,3.97,100,1:40,Japanese,Hayao Miyazaki,2008,"Fantasy,Animation,Family",Japan,25872,202219,"Yuria Nara,Hiroki Doi,George Tokoro,Tomoko Yamaguchi,Yuki Amami,Kazushige Nagashima,Akiko Yano,Shinichi Hatori,Tokie Hidari,Rumi Hiiragi,Tomoko Naraoka,Kazuko Yoshiyuki,Eimi Hiraoka,Nozomi Ōhashi,Akiko Takeguchi"
Castle in the Sky,4,125,2:05,Japanese,Hayao Miyazaki,1986,"Romance,Fantasy,Animation,Family,Action,Adventure",Japan,15197,134781,"Keiko Yokozawa,Mayumi Tanaka,Minori Terada,Kotoe Hatsui,Fujio Tokita,Ichirō Nagai,Hiroshi Ito,Machiko Washio,Takumi Kamiyama,Yoshito Yasuhara,Sukekiyo Kameyama,Eken Mine,TARAKO,Masashi Sugawara,Reiko Suzuki,Toshihiko Seki,Hochu Otsuka,Megumi Hayashibara,Tomomichi Nishimura"
The Tale of the Princess Kaguya,4.16,137,2:17,Japanese,Isao Takahata,2013,"Drama,Fantasy,Animation",Japan,10294,72053,"Aki Asakura,Kengo Kora,Takeo Chii,Nobuko Miyamoto,Atsuko Takahata,Tomoko Tabata,Shinosuke Tatekawa,Takaya Kamikawa,Hikaru Ijūin,Ryûdô Uzaki,Shichinosuke Nakamura,Isao Hashizume,Tatsuya Nakadai,Yukiji Asaoka,Tamaki Kojo,Yuji Miyake,Mirai Uchida,Hiroyuki Yamamoto"
Woman in the Dunes,4.36,147,2:27,Japanese,Hiroshi Teshigahara,1964,"Drama,Thriller",Japan,4224,23718,"Eiji Okada,Kyōko Kishida,Hiroko Itō,Kōji Mitsui,Sen Yano,Ginzô Sekiguchi"
The Ascent,4.29,111,1:51,"Russian,German",Larisa Shepitko,1977,"War,Drama",USSR,3569,16021,"Boris Plotnikov,Vladimir Gostyukhin,Sergey Yakovlev,Lyudmila Polyakova,Viktoriya Goldentul,Anatoliy Solonitsyn,Mariya Vinogradova,Nikolai Sektimenko,Anatoli Chebotaryov,Sergei Kanishchev,Vasili Kravtsov,Mikhail Selyutin,Leonid Yukhin,Aleksandr Zvenigorskiy,Vladimir Rudyy"
Carrie,3.85,98,1:38,English,Brian De Palma,1976,"Horror,Thriller",USA,24062,196738,"Sissy Spacek,Piper Laurie,Amy Irving,William Katt,John Travolta,Nancy Allen,Betty Buckley,P.J. Soles,Priscilla Pointer,Sydney Lassick,Stefan Gierasch,Michael Talbott"
"Quo vadis, Aida?",4.08,104,1:44,"Serbian,English,Bosnian,Dutch",Jasmila Žbanić,2020,"War,Drama",Germany,4952,21611,"Jasna Đuričić,Izudin Bajrović,Boris Ler,Dino Bajrović,Johan Heldenbergh,Raymond Thiry,Boris Isaković,Emir Hadžihafizbegović,Reinout Bussemaker,Teun Luijkx,Juda Goslinga"
Taipei Story,4.03,120,2:00,Chinese,Edward Yang,1985,Drama,Taiwan,2926,14047,"Chin Tsai,Hou Hsiao-hsien,Wu Nien-Jen,Lin Hsiu-Ling,Kelly Ko,Ko I-Chen,Fan Mei,Wu Ping-nan,Yang Li-yin,Grace Chen Shu-Fang,Lai Te-Nan,Peng Sun,De-ming Lyu,Nai-Chu Ting,Shu-yao Yang"
A Dog's Will,4.53,104,1:44,Portuguese,Guel Arraes,2000,"Adventure,Drama,Fantasy,Comedy",Brazil,3304,37414,"Matheus Nachtergaele,Selton Mello,Rogério Cardoso,Denise Fraga,Diogo Vilela,Luís Melo,Virginia Cavendish,Bruno Garcia,Enrique Díaz,Maurício Gonçalves,Aramis Trindade,Marco Nanini,Paulo Goulart,Lima Duarte,Fernanda Montenegro"
Terrorizers,4.08,109,1:49,Chinese,Edward Yang,1986,"Crime,Drama",Taiwan,2573,13676,"Cora Miao,Lee Lichun,King Shih-Chieh,Wang An,Shaojun Ma,Gu Bao-Ming,Feng Kang Chu,Shanqun Hong,Jiaqing Huang,Te-Ming Lu,Chonghua Ni,Ming-Yang Shih,Zhiwen Xiao,Yu An-Shun"
Blue Collar,4.04,114,1:54,English,Paul Schrader,1978,"Crime,Drama",USA,2713,11475,"Richard Pryor,Harvey Keitel,Yaphet Kotto,Ed Begley Jr.,Harry Bellaver,George Memmoli,Lucy Saroyan,Lane Smith,Cliff DeYoung,Borah Silver,Chip Fields,Harry Northup,Milton Selzer"
Blackhat,2.87,133,2:13,"English,Cantonese,Chinese,German,Indonesian,Italian,Spanish",Michael Mann,2015,"Action,Thriller,Crime",USA,7163,30025,"Chris Hemsworth,Leehom Wang,Tang Wei,Viola Davis,Holt McCallany,Andy On,Ritchie Coster,Christian Borle,John Ortiz,Yorick van Wageningen,Tyson Chak,Brandon Molale,Danny Burstein,Archie Kao,Abhi Sinha,Jason Butler Harner,Manny Montana,Spencer Garrett,Shi Liang,Kan Mok,David Lee McKinney,Sophia Santi,José Luis Márquez,Victor Chi,Peter Jae,Eddie Cheung,Tommy Wong,Ivan Ngan,Courtney Wu,Adrian Pang,Kirt Kishita,Leanne Li"
The Manchurian Candidate,3.94,126,2:06,English,John Frankenheimer,1962,"Drama,Mystery,Thriller",USA,3450,23841,"Frank Sinatra,Laurence Harvey,Angela Lansbury,James Gregory,Janet Leigh,Henry Silva,Leslie Parrish,John McGiver,Khigh Dhiegh,James Edwards,Douglas Henderson,Albert Paulsen,Barry Kelley,Lloyd Corrigan,Madame Spivy,Bess Flowers"
Le Samouraï,4.15,105,1:45,French,Jean-Pierre Melville,1967,"Thriller,Crime",France,10668,59833,"Alain Delon,François Périer,Nathalie Delon,Cathy Rosier,Michel Boisrond,Catherine Jourdan,Jean-Pierre Posier,Robert Favart,Jacques Leroy,Roger Fradet,Carlo Nell"
Army of Shadows,4.24,145,2:25,"French,English,German",Jean-Pierre Melville,1969,"Drama,War,Thriller",France,3048,20812,"Lino Ventura,Paul Meurisse,Jean-Pierre Cassel,Simone Signoret,Claude Mann,Paul Crauchet,Christian Barbier,Serge Reggiani,Alain Dekok,Alain Mottet,Alain Libolt,Jean-Marie Robain"
Hard Boiled,4.07,126,2:06,"Cantonese,Chinese,English",John Woo,1992,"Action,Crime,Thriller",Hong Kong,6589,33972,"Chow Yun-Fat,Tony Leung Chiu-wai,Anthony Wong,Teresa Mo,Philip Chan Yan-Kin,Philip Kwok Chun-Fung,Kwan Hoi-San,Stephen Tung Wai,Bowie Lam,Bobby Au-Yeung,Lau Kong,John Woo"
Kingdom of Heaven,3.39,144,2:24,"English,Arabic,Italian,Latin",Ridley Scott,2005,"Drama,Action,History,Adventure,War",Germany,4456,51748,"Orlando Bloom,Eva Green,Jeremy Irons,David Thewlis,Liam Neeson,Ghassan Massoud,Brendan Gleeson,Marton Csokas,Edward Norton,Michael Sheen,Alexander Siddig,Khaled El Nabawy,Nikolaj Coster-Waldau,Kevin McKidd,Velibor Topic,Jon Finch"
Bitter Lake,4.04,135,2:15,"English,Arabic",Adam Curtis,2015,Documentary,UK,630,3921,Adam Curtis
The Century of the Self,4.25,235,3:55,English,Adam Curtis,2002,Documentary,UK,547,3724,"Adam Curtis,Anne Bernays,Martin Bergmann,Robert Reich,Edward L. Bernays,Sigmund Freud,Anna Freud,Wilhelm Reich,Tony Blair,Margaret Thatcher,Bill Clinton,Ronald Reagan"
All Watched Over by Machines of Loving Grace,4.09,180,3:00,English,Adam Curtis,2011,Documentary,UK,393,2292,"Adam Curtis,Stewart Brand,Peder Anker,David Attenborough,Richard Brautigan,Bill Clinton,Richard Dawkins,Tord Björk,Daniel Botkin,Barbara Branden,Nathaniel Branden,Rachel Carpenter,Jay Forrester,Randall Gibson"
HyperNormalisation,4.1,167,2:47,"English,Russian",Adam Curtis,2016,Documentary,UK,2424,12616,"Adam Curtis,Donald Trump,Vladimir Putin,Ronald Reagan,Henry Kissinger,Gordon Brown,Jane Fonda,Ivana Trump,Benjamin Netanyahu,Tony Blair,George W. Bush,Barack Obama,David Cameron,Nigel Farage,Bill Clinton,Hillary Clinton,Muammar Gaddafi"
Tampopo,4.24,115,1:55,Japanese,Juzo Itami,1985,Comedy,Japan,11627,41403,"Tsutomu Yamazaki,Nobuko Miyamoto,Ken Watanabe,Koji Yakusho,Rikiya Yasuoka,Hyōe Enoki,Gō Awazu,Mario Abe,Izumi Hara,Isao Hashizume,Hisashi Igawa,Toshimune Kato,Kenso Kato"
Late Spring,4.26,110,1:50,Japanese,Yasujirō Ozu,1949,Drama,Japan,4403,24514,"Chishū Ryū,Setsuko Hara,Yumeji Tsukioka,Haruko Sugimura,Hohi Aoki,Jun Usami,Kuniko Miyake,Masao Mishima,Yoshiko Tsubouchi,Yôko Katsuragi,Toyo Takahashi,Jun Tanizaki"
In the Name of the Father,4.01,133,2:13,English,Jim Sheridan,1993,Drama,UK,2933,36026,"Daniel Day-Lewis,Pete Postlethwaite,Emma Thompson,John Lynch,Corin Redgrave,Beatie Edney,John Benfield,Paterson Joseph,Marie Jones,Gerard McSorley,Frank Harper,Mark Sheppard,Don Baker,Alison Crosbie,Philip King,Nye Heron,Anthony Brophy,Frankie McCafferty,Paul Warriner,Julian Walsh,Stuart Wolfenden,Jo Connor,Karen Carlisle,Seamus Moran,Billy Byrne,Maureen McBride,Jane Nolan,Laurence Griffin,Jason Murtagh,Kelly McKeavney,Joanna Irvine,Fiona Daly,Catherine Dunne,Anna Megan,Leah McCullagh,Saffron Burrows,Jamie Harris,Britta Smith,Barbara Mulcahy,Mick Tohill,Peter Sheridan Snr."
Fanny and Alexander,4.32,188,3:08,"Swedish,English,German,Yiddish",Ingmar Bergman,1982,"Fantasy,Mystery,Drama",Sweden,4016,29821,"Bertil Guve,Pernilla Allwin,Allan Edwall,Ewa Fröling,Erland Josephson,Jan Malmsjö,Gunn Wållgren,Börje Ahlstedt,Harriet Andersson,Gunnar Björnstrand,Stina Ekblad,Mats Bergman,Pernilla August,Mona Malm,Jarl Kulle,Christina Schollin,Kerstin Tidelius,Inga Ålenius,Hugo Hasslo,Kristina Adolphson"
The Last of the Mohicans,3.6,112,1:52,"English,French",Michael Mann,1992,"Action,War,Drama,Adventure,History,Romance",USA,5636,54149,"Daniel Day-Lewis,Madeleine Stowe,Russell Means,Eric Schweig,Jodhi May,Steven Waddington,Wes Studi,Maurice Roëves,Patrice Chéreau,Edward Blatchford,Terry Kinney,Tracey Ellis,Justin M. Rice,Dennis Banks,Pete Postlethwaite,Colm Meaney,Mac Andrews,Malcolm Storry,David Schofield,Eric D. Sandgren"
Anatomy of a Murder,4.1,161,2:41,"English,Italian",Otto Preminger,1959,"Mystery,Drama,Crime,Thriller",USA,4876,30581,"James Stewart,Lee Remick,Ben Gazzara,Arthur O'Connell,Eve Arden,Kathryn Grant,George C. Scott,Orson Bean,Russ Brown,Murray Hamilton,Brooks West"
Strawberry Mansion,3.46,91,1:31,English,Kentucker Audley,2021,"Adventure,Fantasy,Science Fiction",USA,2358,5028,"Penny Fuller,Kentucker Audley,Grace Glowicki,Reed Birney,Linas Phillips,Constance Shulman,Albert Birney"
Cusp,3.28,83,1:23,English,Isabel Bethencourt,2021,Documentary,USA,620,1327,
The Last Duel,3.72,153,2:33,"English,German,French,Latin",Ridley Scott,2021,"Drama,Action,History",UK,41916,154136,"Jodie Comer,Matt Damon,Adam Driver,Harriet Walter,Ben Affleck,Alex Lawther,Marton Csokas,Nathaniel Parker,Tallulah Haddon,Adam Nagaitis,Zeljko Ivanek,Serena Kennedy,Clare Dunne,Michael McElhatton,Zoé Bruneau,Ian Pirie"
Streaker,3.23,90,1:30,"German,French",Peter Luisi,2017,Comedy,Switzerland,21,163,"Beat Schlatter,Bendrit Bajra,Luna Wedler,Doro Müggler,Marco Canadea"
The Straight Story,4.01,112,1:52,English,David Lynch,1999,Drama,USA,7294,42478,"Richard Farnsworth,Sissy Spacek,Jane Galloway Heitz,Joseph A. Carpenter,Donald Wiegert,Tracey Maloney,Dan Flannery,Ed Grennan,Jack Walsh,Gil Pearson,Barbara June Patterson,Everett McGill,James Cada,Sally Wingert,Barbara Kingsley"
All About Eve,4.26,139,2:19,"English,French",Joseph L. Mankiewicz,1950,Drama,USA,8118,54111,"Bette Davis,Anne Baxter,George Sanders,Celeste Holm,Gary Merrill,Hugh Marlowe,Gregory Ratoff,Thelma Ritter,Marilyn Monroe,Barbara Bates,Walter Hampden,Randy Stuart,Craig Hill,Leland Harris,Barbara White,William Pullen"
BlacKkKlansman,3.94,135,2:15,English,Spike Lee,2018,"Comedy,History,Crime,Drama",USA,42717,456721,"John David Washington,Adam Driver,Topher Grace,Laura Harrier,Alec Baldwin,Jasper Pääkkönen,Corey Hawkins,Paul Walter Hauser,Ryan Eggold,Isiah Whitlock Jr.,Robert John Burke,Brian Tarantina,Arthur J. Nascarella,Ken Garito,Frederick Weller"
A Streetcar Named Desire,3.94,125,2:05,English,Elia Kazan,1951,Drama,USA,6859,54207,"Vivien Leigh,Marlon Brando,Kim Hunter,Karl Malden,Rudy Bond,Nick Dennis,Peg Hillias,Wright King,Richard Garrick,Ann Dere,Edna Thomas"
The Bling Ring,2.84,90,1:30,English,Sofia Coppola,2013,"Crime,Drama",France,18835,107979,"Katie Chang,Israel Broussard,Emma Watson,Claire Julien,Taissa Farmiga,Georgia Rock,Leslie Mann,Carlos Miranda,Gavin Rossdale,Stacy Edwards,G. Mac Brown,Marc Coppola,Janet Song,Annie Fitzgerald,Lorenzo Hunt,Timothy Starks,Rich Ceraulo Ko,Joe Nieves,Nelson Rockford,Doug DeBeech,Erin Daniels"
My Own Private Idaho,3.88,104,1:44,"English,German,Italian",Gus Van Sant,1991,"Drama,Adventure",USA,17458,77168,"River Phoenix,Keanu Reeves,James Russo,William Richert,Rodney Harvey,Chiara Caselli,Michael Parker,Jessie Thomas,Flea,Grace Zabriskie,Tom Troupe,Udo Kier,Sally Curtice,Robert Lee Pitchlynn,Mickey Cottrell,Wade Evans,Matthew Ebert,Tom Cramer,Vana O'Brien,Shaun Jordan"
Witness for the Prosecution,4.2,116,1:56,"English,German",Billy Wilder,1957,"Drama,Crime,Mystery",USA,4377,31100,"Tyrone Power,Marlene Dietrich,Charles Laughton,Elsa Lanchester,John Williams,Henry Daniell,Ian Wolfe,Torin Thatcher,Norma Varden,Una O'Connor,Francis Compton,Philip Tonge,Ruta Lee,Bess Flowers,Leoda Richards,Patrick Aherne,Eddie Baker,Brandon Beach,Colin Kenny,Fred Rapport"
A Scanner Darkly,3.49,100,1:40,English,Richard Linklater,2006,"Thriller,Science Fiction,Animation",USA,4305,44801,"Keanu Reeves,Winona Ryder,Woody Harrelson,Robert Downey Jr.,Rory Cochrane,Mitch Baker,Steven Chester Prince,Natasha Valdez,Angela Rawna,Chamblee Ferguson,Melody Chase,Turk Pipkin,Dameon Clarke,Jason Douglas,Marco Perella,Alex Jones,Wilbur Penn,Ken Webster"
Nine Days,3.81,124,2:04,English,Edson Oda,2020,"Fantasy,Drama",USA,5941,16056,"Winston Duke,Zazie Beetz,Benedict Wong,David Rysdahl,Arianna Ortiz,Tony Hale,Bill Skarsgård,Perry Smith,Geraldine Hughes,Brandy Pitcher,Eric Ramaekers,Eliza de Azevedo Brown"
As I Was Moving Ahead Occasionally I Saw Brief Glimpses of Beauty,4.52,288,4:48,English,Jonas Mekas,2000,Documentary,USA,1411,5270,"Jonas Mekas,Stan Brakhage,Jane Brakhage,Robert Breer,Hollis Frampton,Allen Ginsberg,Ken Jacobs,Peter Kubelka,Adolfas Mekas,Oona Mekas,Hollis Melton,Hermann Nitsch,Nam June Paik,P. Adams Sitney,Andy Warhol"
The Garbage Picking Field Goal Kicking Philadelphia Phenomenon,2.49,78,1:18,English,Tim Kelleher,1998,"TV Movie,Comedy,Family",USA,12,192,"Tony Danza,Jessica Tuck,Art LaFleur,Jaime Cardriche,Gil Filar"
House,4,88,1:28,Japanese,Nobuhiko Obayashi,1977,"Comedy,Fantasy,Horror",Japan,33242,102204,"Kimiko Ikegami,Miki Jinbo,Kumiko Ohba,Ai Matsubara,Mieko Satoh,Eriko Tanaka,Masayo Miyako,Kiyohiko Ozaki,Saho Sasazawa,Asei Kobayashi,Mitsutoshi Ishigami"
Rosemary's Baby,4.15,138,2:18,English,Roman Polanski,1968,"Drama,Thriller,Horror",USA,23405,192599,"Mia Farrow,John Cassavetes,Ruth Gordon,Sidney Blackmer,Maurice Evans,Ralph Bellamy,Victoria Vetri,Patsy Kelly,Elisha Cook Jr.,Emmaline Henry,Charles Grodin,Hanna Landy"
Caught in the Net,3.74,100,1:40,"Czech,French",Vít Klusák,2020,Documentary,Czechia,284,1193,"Sabina Dlouhá,Anežka Pithartová,Tereza Těžká"
Night of the Living Dead,3.98,96,1:36,English,George A. Romero,1968,"Thriller,Horror",USA,17366,114940,"Duane Jones,Judith O'Dea,Karl Hardman,Marilyn Eastman,Keith Wayne,Judith Ridley,Kyra Schon,Charles Craig,S. William Hinzman,Bill Cardille,John Simpson,George Kosana,Frank Doak,A.C. McDonald,Samuel R. Solito"
The Piano Teacher,4.04,131,2:11,"French,German",Michael Haneke,2001,"Drama,Romance",Austria,12965,67730,"Isabelle Huppert,Annie Girardot,Benoît Magimel,Susanne Lothar,Udo Samel,Anna Sigalevitch,Cornelia Köndgen,Thomas Weinhappel,Georg Friedrich,Philipp Heiss,William Mang,Rudolf Melichar,Michael Schottenberg,Gabriele Schuchter"
The Big Sleep,3.94,116,1:56,English,Howard Hawks,1946,"Thriller,Mystery,Crime",USA,5429,36358,"Humphrey Bogart,Lauren Bacall,John Ridgely,Martha Vickers,Dorothy Malone,Peggy Knudsen,Regis Toomey,Charles Waldron,Charles D. Brown,Bob Steele,Elisha Cook Jr.,Louis Jean Heydt,Trevor Bardette,Joy Barlow,Max Barwyn,Deannie Best,Tanis Chandler,Jack Chefe,James Conaty"
Brazil,4.04,143,2:23,English,Terry Gilliam,1985,"Comedy,Science Fiction",UK,12686,102866,"Jonathan Pryce,Robert De Niro,Katherine Helmond,Ian Holm,Bob Hoskins,Michael Palin,Ian Richardson,Peter Vaughan,Kim Greist,Jim Broadbent,Terry Gilliam,Derrick O'Connor,Roger Ashton-Griffiths,John Pierce Jones,Barbara Hicks,Charles McKeown"
Satantango,4.35,432,7:12,Hungarian,Béla Tarr,1994,Drama,Germany,3929,14920,"Mihály Víg,Putyi Horváth,Miklós Székely B.,Erika Bók,László feLugossy,Alfréd Járai,János Derzsi,Irén Szajki,Éva Almássy Albert,Erzsébet Gaál,Peter Berling,György Barkó,Zoltán Kamondi,Barna Mihók,Péter Dobai"
Some Like It Hot,4.15,122,2:02,English,Billy Wilder,1959,"Romance,Music,Crime,Comedy",USA,12807,104169,"Tony Curtis,Jack Lemmon,Marilyn Monroe,George Raft,Pat O’Brien,Joe E. Brown,Nehemiah Persoff,Joan Shawlee,Billy Gray,George E. Stone,Dave Barry,Mike Mazurki,Harry Wilson,Beverly Wills,Barbara Drew,Edward G. Robinson Jr.,Sam Bagley,Alex Ball,Brandon Beach,Phil Bloom,Willie Bloom,Al Breneman,Steve Carruthers,James J. Casino,Noble Chissell,Beulah Christian,Ted Christy,Robert Cole,Marian Collier,Pat Comiskey,Bing Conley,John Cretoria,Paul Cristo,James Dime"
Kwaidan,4.14,183,3:03,Japanese,Masaki Kobayashi,1964,"Fantasy,Drama,Horror",Japan,3940,20027,"Michiyo Aratama,Misako Watanabe,Rentaro Mikuni,Kenjirō Ishiyama,Ranko Akagi,Fumie Kitahara,Kappei Matsumoto,Yoshiko Ieda,Otome Tsukimiya,Kenzô Tanaka,Kiyoshi Nakano,Tatsuya Nakadai,Keiko Kishi,Yūko Mochizuki,Kin Sugai,Noriko Sengoku,Akiko Nomura,Torahiko Hamada,Jun Hamamura,Katsuo Nakamura,Tetsurō Tamba,Takashi Shimura,Yoichi Hayashi,Eiko Muramatsu,Kunie Tanaka,Kazuo Kitamura,Ichirô Nakatani,Masanori Tomotake,Tokue Hanazawa,Shizue Natsukawa"
High School,3.91,75,1:15,"English,Spanish,French",Frederick Wiseman,1968,Documentary,USA,804,3938,
Titicut Follies,3.95,84,1:24,English,Frederick Wiseman,1967,Documentary,USA,856,5429,
All That Jazz,4.2,123,2:03,English,Bob Fosse,1979,Drama,USA,8405,34108,"Roy Scheider,Jessica Lange,Ann Reinking,Leland Palmer,Cliff Gorman,Ben Vereen,Erzsebet Foldi,Michael Tolan,Max Wright,William LeMassena,Irene Kane,Deborah Geffner,Kathryn Doby,Anthony Holland,Robert Hitt,David Margulies,Sue Paul,Keith Gordon,Frankie Man,Alan Heim,John Lithgow,Sandahl Bergman,Eileen Casey,Bruce Anthony Davis,Gary Flannery,Jennifer Nairn-Smith,Danny Ruvolo,Leland Schwantes,John Sowinski,Candace Tovar,Rima Vetter,Trudy Carson,Mary Sue Finnerty,Lesley Kingley"
The Lady from Shanghai,3.8,87,1:27,"English,Cantonese",Orson Welles,1947,"Mystery,Crime,Thriller,Drama",USA,5019,25425,"Rita Hayworth,Orson Welles,Everett Sloane,Glenn Anders,Ted de Corsia,Erskine Sanford,Gus Schilling,Lou Merrill,Carl Frank,Evelyn Ellis,Harry Shannon,William Alland,Jessie Arnold,Jack Baxley,Steve Benton,Wong Chung,Eddie Coke,Tom Coleman"
Le Havre,3.71,94,1:34,French,Aki Kaurismäki,2011,"Comedy,Drama",Finland,1444,12388,"André Wilms,Kati Outinen,Jean-Pierre Darroussin,Blondin Miguel,Elina Salo,Evelyne Didi,Quoc Dung Nguyen,Laïka,François Monnié,Roberto Piazza,Pierre Étaix,Jean-Pierre Léaud,Vincent Lebodo,Umban U'kset,Patrick Bonnel,Ilkka Koivula,Myriam ""Mimie"" Piazza,Luce Vigo,Valérie Caron,Jérôme Boyer,Jean-Luc Guion-Firmin,Pierre Morineau,Johann Rioux,Julien Flematti,Éric Duteil,Corinne Belet"
Under the Silver Lake,3.48,139,2:19,English,David Robert Mitchell,2018,"Crime,Drama,Mystery",USA,30067,106504,"Andrew Garfield,Riley Keough,Topher Grace,Callie Hernandez,Don McManus,Jeremy Bobb,Riki Lindhome,Zosia Mamet,Patrick Fischler,Jimmi Simpson,Grace Van Patten,Bobbi Salvör Menuez,Wendy Vanden Heuvel,Chris Gann,Jessica Makinson,Stephanie Moore,Sibongile Mlambo,Rex Linn,Luke Baines,Allie MacDonald,Victoria Bruno,Lola Blanc,Brian Aubert,Christopher Guanlao,Joe Lester,Nikki Monninger,Sydney Sweeney,Guy Nardulli"
Burden of Dreams,4.04,97,1:37,"English,German,Portuguese,Spanish",Les Blank,1982,Documentary,Peru,1634,9237,"Candace Laughlin,Werner Herzog,Klaus Kinski,Claudia Cardinale,Alfredo de Río Tambo,Ángela Reina,Carmen Correa,Elia de Río Ene,David Pérez Espinosa,Miguel Ángel Fuentes,Mariano Gagnon,Paul Hittscher,Huerequeque Enrique Bohórquez,Evaristo Nunkuag Ikanan"
The Holy Mountain,4.11,114,1:54,"Spanish,English",Alejandro Jodorowsky,1973,Drama,Mexico,11021,55490,"Alejandro Jodorowsky,Horacio Salinas,Zamira Saunders,Juan Ferrara,Adriana Page,Burt Kleiner,Valerie Jodorowsky,Nicky Nichols,Richard Rutowski,Luis Lomelí,Ana De Sade,Jacqueline Voltaire,Chucho-Chucho"
The Maltese Falcon,3.91,100,1:40,English,John Huston,1941,"Crime,Thriller,Mystery",USA,8007,60697,"Humphrey Bogart,Mary Astor,Peter Lorre,Sydney Greenstreet,Lee Patrick,Gladys George,Elisha Cook Jr.,Barton MacLane,Ward Bond,Jerome Cowan,James Burke,Murray Alper,John Hamilton"
Mean Streets,3.67,112,1:52,"English,Italian",Martin Scorsese,1973,"Drama,Crime",USA,10320,83395,"Robert De Niro,Harvey Keitel,David Proval,Amy Robinson,Richard Romanus,Cesare Danova,Victor Argo,George Memmoli,Lenny Scaletta,Jeannie Bell,Murray Moston"
Born on the Fourth of July,3.57,145,2:25,"English,Spanish",Oliver Stone,1989,"Drama,War",USA,2238,27755,"Tom Cruise,Raymond J. Barry,Caroline Kava,Holly Marie Combs,Kyra Sedgwick,Tom Berenger,Rob Camilletti,Stephen Baldwin,Mark Moses,Vivica A. Fox,Lili Taylor,Jerry Levine,Frank Whaley,Willem Dafoe,Josh Evans,Bob Gunton,Cordelia González,Tony Frank,Jayne Haynes,Anne Bobby,Richard Panebianco,Tom Sizemore,Michael Wincott,Mike Starr,Ed Lauter,Daniel Baldwin,Brian Tarantina,Dale Dye,Norma Moore,Stacey Moseley,Oliver Stone,Sean Stone,Jenna von Oy,Ellen Pasternack,Joy Zapata,John Getz,David Warshofsky,Jason Gedrick,Bill Allen,William Baldwin,Claude Brooks"
Five Graves to Cairo,3.57,96,1:36,"English,Italian,German",Billy Wilder,1943,"War,Thriller",USA,474,2919,"Franchot Tone,Anne Baxter,Akim Tamiroff,Erich von Stroheim,Peter van Eyck,Fortunio Bonanova,Philip Ahlm,Roger Creed,Hans Moebus,Leslie Denison,Bud Geary,Frederick Giermann,Otto Reichow,Art Gilmore,Ian Keith"
Unfaithfully Yours,3.78,105,1:45,English,Preston Sturges,1948,"Romance,Comedy",USA,840,3914,"Rex Harrison,Linda Darnell,Rudy Vallee,Barbara Lawrence,Kurt Kreuger,Lionel Stander,Laurette Luez,Edgar Kennedy,Al Bridge,Julius Tannen,Torben Meyer,Robert Greig"
Pandora's Box,3.87,109,1:49,"German,No spoken language",G.W. Pabst,1929,"Crime,Romance,Drama",Germany,1195,7851,"Louise Brooks,Fritz Kortner,Francis Lederer,Carl Goetz,Krafft-Raschig,Alice Roberts,Daisy D'Ora,Gustav Diessl,Michael von Newlinsky,Sig Arno"
Rio Bravo,4.06,141,2:21,English,Howard Hawks,1959,Western,USA,4176,27628,"John Wayne,Dean Martin,Ricky Nelson,Angie Dickinson,Walter Brennan,Ward Bond,John Russell,Pedro Gonzalez Gonzalez,Estelita Rodriguez,Claude Akins,Malcolm Atterbury,Harry Carey, Jr.,Walter Barnes,George Bell,Noble Chissell,Cecil Combs,Myron Healey,Cactus Mack"
Never Let Me Go,3.49,104,1:44,English,Mark Romanek,2010,"Romance,Science Fiction,Drama",UK,8187,62958,"Carey Mulligan,Keira Knightley,Andrew Garfield,Charlotte Rampling,Sally Hawkins,Nathalie Richard,Andrea Riseborough,Domhnall Gleeson,Izzy Meikle-Small,Ella Purnell,Charlie Rowe,Kate Bowes Renna"
Certain Women,3.68,107,1:47,English,Kelly Reichardt,2016,Drama,USA,5448,23024,"Laura Dern,Kristen Stewart,Michelle Williams,Lily Gladstone,James Le Gros,Jared Harris,René Auberjonois,John Getz,Sara Rodier,Ashlie Atkinson,Guy Boyd,Edelen McWilliams,James Jordan,Matt McTighe,Joshua T. Fonokalafi,Zena Dell Lowe,Marceline Hugot"
Bacurau,4.08,131,2:11,"Portuguese,English",Kleber Mendonça Filho,2019,"Thriller,Western,Mystery",Brazil,15829,82539,"Bárbara Colen,Udo Kier,Sônia Braga,Thomas Aquino,Silvero Pereira,Wilson Rabelo,Karine Teles,Antonio Saboia,Zoraide Coleto,Luciana Souza,Edilson Silva,Lia de Itamaracá,Clébia Sousa,Márcio Fecher"
The Great Escape,4.03,173,2:53,"English,German,French,Russian",John Sturges,1963,"Thriller,History,Drama,War,Adventure",USA,4446,50979,"Steve McQueen,James Garner,Richard Attenborough,James Donald,Charles Bronson,Donald Pleasence,James Coburn,Hannes Messemer,David McCallum,Gordon Jackson,John Leyton"
Mutiny on the Bounty,3.6,132,2:12,"English,Tahitian",Frank Lloyd,1935,"Drama,History,Adventure",USA,1192,7742,"Charles Laughton,Clark Gable,Franchot Tone,Herbert Mundin,Eddie Quillan,Dudley Digges,Donald Crisp,Henry Stephenson,Francis Lister,Spring Byington,Movita,Mamo Clark,Wallis Clark,Pat Flaherty,Byron Russell,Percy Waram,David Torrence,John Harrington,Douglas Walton,Ian Wolfe,DeWitt Jennings,Ivan F. Simpson,Vernon Downing,Marion Clayton Anderson,Stanley Fields"
Modern Times,4.22,87,1:27,"English,No spoken language",Charlie Chaplin,1936,"Comedy,Drama",USA,8488,94870,"Charlie Chaplin,Paulette Goddard,Henry Bergman,Tiny Sandford,Chester Conklin,Hank Mann,Stanley Blystone,Al Ernest Garcia,Richard Alexander,Cecil Reynolds,Mira McKinney,Murdock MacQuarrie,Wilfred Lucas,Edward LeSaint,Fred Malatesta"
Catch Me If You Can,3.99,141,2:21,"English,French",Steven Spielberg,2002,"Drama,Crime",USA,27136,445048,"Leonardo DiCaprio,Tom Hanks,Christopher Walken,Martin Sheen,Nathalie Baye,Amy Adams,James Brolin,Jennifer Garner,Chris Ellis,Brian Howe,Steve Eastin,John Finn,Elizabeth Banks,Ellen Pompeo,Guy Thauvette,Kitty Carlisle,Kelly McNair,Sarah Rush,Jasmine Jessica Anthony,Celine du Tertre,Frank John Hughes,Nancy Lenehan,Candice Azzara,Kaitlin Doubleday,Matthew Kimbrough,Joshua Boyd,Jonathan Dankner,Maggie Mellin,Thomas Kopache,Margaret Travolta,Jimmie F. Skaggs,Alex Hyde-White,Lilyan Chauvin,Eugene Fleming,Robert Ruth,Jennifer Manley,James Morrison,Robert Symonds,Jennifer Kan,Robert Curtis Brown,Kelly Hutchinson,Steve Witting,Wendy Worthington,Jane Bodle,J. Patrick McCormack,Brian Goodman,Ray Proscia,Sarah Lancaster,Jill Matson,Mike Baldridge,Joel Ewing"
The Guns of Navarone,3.63,158,2:38,"English,German,Greek (modern)",J. Lee Thompson,1961,"War,Action",UK,1177,10063,"Gregory Peck,David Niven,Anthony Quinn,Stanley Baker,Anthony Quayle,James Darren,Irene Papas,Gia Scala,James Robertson Justice,Richard Harris,Bryan Forbes,Allan Cuthbertson,Michael Trubshawe,Percy Herbert"
Touch of Evil,4.09,111,1:51,"English,Spanish",Orson Welles,1958,"Crime,Thriller",USA,5904,46902,"Charlton Heston,Janet Leigh,Orson Welles,Joseph Calleia,Akim Tamiroff,Joanna Moore,Ray Collins,Dennis Weaver,Valentin de Vargas,Mort Mills,Victor Millan,Lalo Rios,Michael Sargent,Phil Harvey,Joi Lansing,Harry Shannon"
F for Fake,4.09,89,1:29,"French,English,Spanish",Orson Welles,1973,Documentary,France,5990,27789,"Orson Welles,Oja Kodar,Elmyr de Hory,Clifford Irving,Laurence Harvey,Edith Irving,David Walsh,Paul Stewart,Richard Wilson,Joseph Cotten,Howard Hughes,Richard Drewitt,Alexander Welles"
The Treasure of the Sierra Madre,4.18,126,2:06,English,John Huston,1948,"Adventure,Drama,Western",USA,5154,38146,"Humphrey Bogart,Walter Huston,Tim Holt,Bruce Bennett,Barton MacLane,Alfonso Bedoya,Arturo Soto Rangel,Manuel Dondé,José Torvay,Margarito Luna,Robert Blake,Guillermo Calles,Roberto Cañedo"
Crooklyn,3.83,115,1:55,"English,Spanish,Italian",Spike Lee,1994,"Comedy,Drama",USA,1897,8905,"Alfre Woodard,Delroy Lindo,David Patrick Kelly,Zelda Harris,Carlton Williams,Sharif Rashed,Tse-Mach Washington,Christopher Knowings,José Zúñiga,Isaiah Washington,Ivelka Reyes,Spike Lee,Vondie Curtis-Hall,Frances Foster,Manny Pérez,RuPaul,Keith Johnson,Tiasha Reyes,Raymond Reliford,Harvey Williams,Peewee Love,Bokeem Woodbine,Mildred Clinton"
Clockers,3.54,128,2:08,English,Spike Lee,1995,"Mystery,Drama,Crime",USA,1481,10315,"Harvey Keitel,John Turturro,Delroy Lindo,Mekhi Phifer,Isaiah Washington,Keith David,Peewee Love,Regina Taylor,Thomas Jefferson Byrd,Sticky Fingaz,Fredro Starr,Elvis Nolasco,Lawrence B. Adisa,Hassan Johnson,Frances Foster,Michael Imperioli,Lisa Arrindell,Paul Calderon,Brendan Kelly,Mike Starr,Graham Brown,Steve White,Spike Lee,Shawn McLean,Arthur J. Nascarella,Harry Lennix,Bray Poor,Craig McNulty,Christopher Wynkoop,Paul Schulze,Donald Stephenson"
Bamboozled,3.75,136,2:16,English,Spike Lee,2000,"Comedy,Drama",USA,3230,11669,"Damon Wayans,Savion Glover,Jada Pinkett Smith,Tommy Davidson,Michael Rapaport,Thomas Jefferson Byrd,Paul Mooney,Gillian White,Susan Batson,Yasiin Bey,M.C. Serch,Gano Grills,Canibus,DJ Scratch,Charli Baltimore,Craig muMs Grant,Dormeshia Sumbry,Tyheesha Collins,Cartier Williams,Jason Bernard,Baakari Wilder,Sekou Torbet,Questlove,Tariq Trotter,James 'Kamal' Gray,Leonard 'Hub' Hubbard,Kyle 'Scratch' Jones,Christopher Wynkoop,Jani Blom,Dina Pearlman,Imhotep Gary Byrd"
9/11 Kids,3.33,88,1:28,"English,French",Elizabeth St. Philip,2020,Documentary,Canada,26,78,
City Lights,4.27,87,1:27,"English,No spoken language",Charlie Chaplin,1931,"Drama,Romance,Comedy",USA,8094,66716,"Charlie Chaplin,Virginia Cherrill,Harry Myers,Al Ernest Garcia,Hank Mann,Albert Austin,Eddie Baker,Henry Bergman,Buster Brodie,Jeanne Carpenter,Tom Dempsey,James Donnelly"
Rififi,4.16,118,1:58,"French,English,Italian",Jules Dassin,1955,"Drama,Action,Crime",France,3721,22638,"Jean Servais,Carl Möhner,Robert Manuel,Janine Darcey,Pierre Grasset,Robert Hossein,Marcel Lupovici,Dominique Maurin,Magali Noël,Marie Sabouret,Claude Sylvain"
Laura,3.98,88,1:28,English,Otto Preminger,1944,"Drama,Mystery",USA,5012,29873,"Gene Tierney,Dana Andrews,Clifton Webb,Vincent Price,Judith Anderson,Grant Mitchell,Dorothy Adams,Wally Albright,Bobby Barber,Harry Carter,Lane Chandler,Dorothy Christy,James Conaty,Ralph Dunn,Jean Fenwick,Clyde Fillmore,James Flavin"
Wajib,3.84,100,1:40,Arabic,Annemarie Jacir,2017,Drama,Germany,330,1577,"Mohammad Bakri,Saleh Bakri,Maria Zreik,Lama Tatour,Monera Shehadeh,Henry Andrawes,Shams Bawardi,Rana Alamuddin,Ossama Bawardi,Sobhi Hosary,Falah Zoabi,Rezik Bawardi,Gaby Abu Sini,Huda Al Imam,Zuhaira Sabbagh,Naheda Azzam Shorrosh,Emil Rock,Ruba Blal"
Notorious,4.03,103,1:43,English,Alfred Hitchcock,1946,"Thriller,Mystery,Romance",USA,6506,46747,"Ingrid Bergman,Cary Grant,Claude Rains,Leopoldine Konstantin,Louis Calhern,Alex Minotis,Reinhold Schünzel,Ivan Triesault,Friedrich von Ledebur,Peter von Zerneck,Eberhard Krumschmidt,Moroni Olsen,Ricardo Costa,Charles Mendl,Wally Brown,Fay Baker,Fred Nurney,Charles D. Brown,Eddie Bruce,Ben Erway,Donald Kerr,James Logan,Emmett Vogan"
The Red Shoes,4.3,133,2:13,"English,Russian,French",Emeric Pressburger,1948,"Drama,Romance",UK,9538,43416,"Moira Shearer,Adolf Wohlbrück,Marius Goring,Léonide Massine,Robert Helpmann,Albert Bassermann,Esmond Knight,Ludmilla Tchérina,Jean Short,Gordon Littmann,Julia Lang,Bill Shine,Austin Trevor"
The General,4.12,79,1:19,"English,No spoken language",Buster Keaton,1926,"Comedy,Action,Adventure,War,Drama",USA,6340,43308,"Buster Keaton,Marion Mack,Glen Cavender,Jim Farley,Frederick Vroom,Charles Henry Smith,Joe Keaton,Al St. John,Frank Barnes,Mike Donlin,Tom Nawn,Jimmy Bryant,Budd Fine"
Fitzcarraldo,4.06,157,2:37,"German,English,Italian,Spanish",Werner Herzog,1982,"Drama,Adventure",Germany,3799,29435,"Klaus Kinski,Claudia Cardinale,José Lewgoy,Miguel Ángel Fuentes,Paul Hittscher,Huerequeque Enrique Bohórquez,Grande Otelo,Peter Berling,David Pérez Espinosa,Milton Nascimento,Ruy Polanah,Salvador Godínez,Dieter Milz,William L. Rose,Leoncio Bueno"
"Aguirre, the Wrath of God",4.06,95,1:35,"German,Spanish,Quechua",Werner Herzog,1972,"Adventure,Drama,History",Germany,7748,50691,"Klaus Kinski,Helena Rojo,Del Negro,Ruy Guerra,Peter Berling,Cecilia Rivera,Daniel Ades,Edward Roland,Alexandra Cheves,Armando Polanah,Daniel Farfán"
Andrei Rublev,4.35,205,3:25,"Russian,Tatar,Italian",Andrei Tarkovsky,1966,"History,Drama",USSR,5837,36573,"Anatoliy Solonitsyn,Ivan Lapikov,Nikolay Grinko,Nikolai Sergeyev,Irma Raush,Nikolay Burlyaev,Yuriy Nazarov,Yuriy Nikulin,Rolan Bykov,Nikolay Grabbe,Mikhail Kononov,Stepan Krylov,Bolot Beyshenaliev,B. Matysik,Anatoliy Obukhov,Volodya Titov,Nikolay Glazkov,K. Aleksandrov"
To Catch a Thief,3.62,107,1:47,"English,French",Alfred Hitchcock,1955,"Crime,Thriller,Romance,Drama,Mystery",USA,7235,47328,"Cary Grant,Grace Kelly,Jessie Royce Landis,John Williams,Charles Vanel,Brigitte Auber,Jean Martinelli,Georgette Anys,René Blancard,William 'Wee Willie' Davis,Bess Flowers,Alfred Hitchcock,Charles Sherlock"
The Spectacular Now,3.27,95,1:35,English,James Ponsoldt,2013,"Comedy,Drama,Romance",USA,9580,103287,"Miles Teller,Shailene Woodley,Masam Holden,Kaitlyn Dever,Brie Larson,Kyle Chandler,Jennifer Jason Leigh,Mary Elizabeth Winstead,Karen Strassman,Andre Royo,Bob Odenkirk,Nicci Faires"
The Battle of Algiers,4.27,121,2:01,"Italian,Arabic,English,French",Gillo Pontecorvo,1966,"Drama,War,History",Italy,5371,35331,"Brahim Hadjadj,Jean Martin,Yacef Saadi,Samia Kerbash,Ugo Paletti,Fusia El Kader,Mohamed Ben Kassen,Gene Wesson"
The Bad Sleep Well,4.03,150,2:30,Japanese,Akira Kurosawa,1960,"Crime,Drama,Thriller",Japan,1873,10893,"Toshiro Mifune,Masayuki Mori,Kamatari Fujiwara,Takeshi Katō,Kyōko Kagawa,Tatsuya Mihashi,Takashi Shimura,Kō Nishimura,Kyū Sazanka,Someshô Matsumoto,Gen Shimizu,Atsuko Ichinomiya,Natsuko Kahara,Nobuko Tashiro,Ken Mitsuda"
A Woman Under the Influence,4.31,155,2:35,"English,Italian",John Cassavetes,1974,Drama,USA,9244,42269,"Peter Falk,Gena Rowlands,Fred Draper,Lady Rowlands,Katherine Cassavetes,Matthew Labyorteaux,Matthew Cassel,Christina Grisanti,George Dunn,Mario Gallo,Eddie Shaw,Angelo Grisanti,Charles Horvath"
8½,4.26,139,2:19,"Italian,German,English,French",Federico Fellini,1963,"Fantasy,Drama",Italy,14277,92530,"Marcello Mastroianni,Claudia Cardinale,Anouk Aimée,Sandra Milo,Rossella Falk,Barbara Steele,Madeleine Lebeau,Caterina Boratto,Eddra Gale,Guido Alberti,Mario Conocchia,Bruno Agostini,Cesarino Miceli Picardi,Jean Rougeul,Mario Pisu,Yvonne Casadei,Ian Dallas,Mino Doro,Nadia Sanders"
City of God,4.41,130,2:10,Portuguese,Fernando Meirelles,2002,"Crime,Drama",Brazil,16434,224635,"Alexandre Rodrigues,Leandro Firmino,Phellipe Haagensen,Douglas Silva,Jonathan Haagensen,Matheus Nachtergaele,Seu Jorge,Jefechander Suplino,Alice Braga,Roberta Rodrigues,Luis Otávio,Darlan Cunha"
Day for Night,4.11,116,1:56,"French,English",François Truffaut,1973,"Drama,Comedy",France,3863,22086,"Jacqueline Bisset,Jean-Pierre Léaud,Jean-Pierre Aumont,Valentina Cortese,Dani,Alexandra Stewart,François Truffaut,Jean Champion,Niké Arrighi,David Markham,Bernard Ménez,Jean-François Stévenin,Walter Bal"
Drunken Angel,3.84,98,1:38,Japanese,Akira Kurosawa,1948,Drama,Japan,2516,13089,"Takashi Shimura,Toshiro Mifune,Reizaburô Yamamoto,Michiyo Kogure,Chieko Nakakita,Noriko Sengoku,Shizuko Kasagi,Eitarō Shindō,Masao Shimizu,Taiji Tonoyama,Yoshiko Kuga,Chōko Iida,Isao Ubukata"
Shoot the Piano Player,3.72,85,1:25,French,François Truffaut,1960,"Thriller,Drama,Crime",France,2483,18332,"Charles Aznavour,Marie Dubois,Nicole Berger,Michèle Mercier,Serge Davri,Claude Mansard,Richard Kanayan,Albert Rémy,Jean-Jacques Aslanian,Daniel Boulanger,Claude Heymann,Alex Joffé,Boby Lapointe,Catherine Lutz,Laure Paillette,Alice Sapritch"
Band of Outsiders,3.86,97,1:37,"French,English",Jean-Luc Godard,1964,"Drama,Crime,Romance",France,3822,28411,"Anna Karina,Claude Brasseur,Sami Frey,Danièle Girard,Louisa Colpeyn,Chantal Darget,Georges Staquet,Ernest Menzer,Jean-Claude Rémoleux,Michel Delahaye,Louis Jojot,Claude Makovski,Michèle Seghers,Jean-Luc Godard"
Lost River,3.03,95,1:35,English,Ryan Gosling,2014,"Fantasy,Drama,Thriller",USA,3345,17767,"Christina Hendricks,Saoirse Ronan,Eva Mendes,Matt Smith,Ben Mendelsohn,Iain De Caestecker,Reda Kateb,Barbara Steele,Landyn Stewart,Rob Zabrecky,Shannon Plumb,Torrey Wigfield"
Fear and Loathing in Las Vegas,3.74,118,1:58,English,Terry Gilliam,1998,"Adventure,Drama,Comedy",USA,15451,143988,"Johnny Depp,Benicio del Toro,Tobey Maguire,Christina Ricci,Ellen Barkin,Gary Busey,Cameron Diaz,Mark Harmon,Katherine Helmond,Michael Jeter,Penn Jillette,Craig Bierko,Lyle Lovett,Laraine Newman,Harry Dean Stanton,Tim Thomerson,Flea,Christopher Meloni,Troy Evans,Debbie Reynolds,Jenette Goldstein,Verne Troyer,Gregory Itzin,Buck Holland,Richard Riehle,Mary Gillis,Hunter S. Thompson"
Wild Strawberries,4.24,91,1:31,"Swedish,Latin",Ingmar Bergman,1957,Drama,Sweden,8655,68135,"Victor Sjöström,Bibi Andersson,Ingrid Thulin,Gunnar Björnstrand,Jullan Kindahl,Folke Sundquist,Björn Bjelfvenstam,Naima Wifstrand,Gunnel Broström,Gertrud Fridh,Sif Ruud,Gunnar Sjöberg,Max von Sydow"
Cries and Whispers,4.12,95,1:35,Swedish,Ingmar Bergman,1972,Drama,Sweden,5829,34785,"Harriet Andersson,Ingrid Thulin,Kari Sylwan,Liv Ullmann,Erland Josephson,Anders Ek,Henning Moritzen,Georg Årlin,Ingmar Bergman,Ingrid Sandell,Ingrid Bergman,Linn Ullmann,Inga Gill"
Birth,3.54,100,1:40,English,Jonathan Glazer,2004,"Drama,Romance,Mystery",France,3441,17299,"Nicole Kidman,Cameron Bright,Danny Huston,Lauren Bacall,Alison Elliott,Anne Heche,Peter Stormare,Ted Levine,Cara Seymour,Arliss Howard,Michael Desautels,Joe M. Chalmers,Novella Nelson,Zoe Caldwell,Charles Goff,Sheila Smith"
Sexy Beast,3.81,89,1:29,English,Jonathan Glazer,2000,"Crime,Thriller,Drama",Spain,5481,33746,"Ray Winstone,Ben Kingsley,Ian McShane,Amanda Redman,Cavan Kendall,Julianne White,Álvaro Monje,James Fox,Robert Atiko,Nieves del Amo Oruet,Enrique Alemán Fabrega,Gérard Barray"
To Be or Not to Be,4.21,99,1:39,"English,German",Ernst Lubitsch,1942,"War,Comedy",USA,4122,23588,"Carole Lombard,Jack Benny,Robert Stack,Felix Bressart,Lionel Atwill,Stanley Ridges,Sig Ruman,Tom Dugan,Charles Halton,George Lynn,Henry Victor,Maude Eburne,Halliwell Hobbes,Miles Mander,Rudolph Anders,Paul Barrett,Sven Hugo Borg,Danny Borzage,Buster Brodie,Peter Caldwell"
The Human Condition III: A Soldier's Prayer,4.52,190,3:10,"Japanese,Chinese,Russian",Masaki Kobayashi,1961,"War,History,Drama",Japan,1593,8466,"Tatsuya Nakadai,Michiyo Aratama,Tamao Nakamura,Yūsuke Kawazu,Chishū Ryū,Taketoshi Naitô,Kyōko Kishida,Reiko Hitomi,Keijirô Morozumi,Koji Kiyomura,Nobuo Kaneko,Fujio Suga,Tatsuya Ishiguro,Kazuo Kitamura,Toshio Takahara,Akira Yamanouchi"
The Human Condition II: Road to Eternity,4.35,178,2:58,"Japanese,Chinese,Russian",Masaki Kobayashi,1959,"War,History,Drama",Japan,1421,8649,"Tatsuya Nakadai,Michiyo Aratama,Kokinji Katsura,Jun Tatara,Michirô Minami,Kei Satō,Kunie Tanaka,Ryôhei Uchida,Kan Yanagiya,Kenjiro Uemura,Kaneko Iwasaki,Mayumi Kurata,Taketoshi Naitô,Hideo Kidokoro"
The Human Condition I: No Greater Love,4.43,206,3:26,"Japanese,Chinese",Masaki Kobayashi,1959,"Drama,War,History",Japan,2063,11272,"Tatsuya Nakadai,Michiyo Aratama,Chikage Awashima,Ineko Arima,Sō Yamamura,Akira Ishihama,Kôji Nanbara,Seiji Miyaguchi,Tōru Abe,Masao Mishima,Eitarō Ozawa,Kōji Mitsui,Akitake Kôno,Nobuo Nakamura,Kyū Sazanka,Eijirô Tôno,Shinsuke Ashida,Keiji Sada"
Strangers on a Train,3.99,101,1:41,"English,French",Alfred Hitchcock,1951,"Mystery,Thriller,Crime",USA,7482,60191,"Farley Granger,Ruth Roman,Robert Walker,Leo G. Carroll,Patricia Hitchcock,Kasey Rogers,Marion Lorne,Jonathan Hale,Howard St. John,John Brown,Norma Varden,Robert Gist,Brooks Benedict,John Doucette,Harry Hines,Alfred Hitchcock"
Dial M for Murder,4.02,105,1:45,English,Alfred Hitchcock,1954,"Thriller,Crime",USA,8258,67063,"Ray Milland,Grace Kelly,Robert Cummings,John Williams,Anthony Dawson,Leo Britt,Patrick Allen,George Leigh,George Alderson,Robin Hughes,Jack Cunningham,Guy Doleman,Bess Flowers,Sam Harris,Harold Miller,Martin Milner,Forbes Murray,Thayer Roberts,William H. O'Brien"
The Cranes Are Flying,4.31,97,1:37,Russian,Mikhail Kalatozov,1957,"Drama,Romance,War",USSR,3519,17374,"Tatyana Samoylova,Aleksey Batalov,Vasili Merkuryev,Aleksandr Shvorin,Svetlana Kharitonova,Konstantin Kadochnikov,Valentin Zubkov,Antonina Bogdanova,Boris Kokovkin,Ekaterina Kupriyanova,Valentina Ananina,Valentina Vladimirova,Olga Dzisko,Leonid Knyazev,Georgiy Kulikov,Daniil Netrebin,Aleksandr Popov"
63 Up,4.1,145,2:25,"English,Bulgarian,French,Latin",Michael Apted,2019,Documentary,UK,405,1571,"Nicholas Hitchon,Tony Walker,John Brisby,Bruce Balden,Charles Furneaux,Lynn Johnson,Suzanne Dewey,Jacqueline Bassett,Andrew Brackfield,Peter Davies,Symon Basterfield,Neil Hughes,Susan Sullivan,Paul Kligerman,Michael Apted"
Alice Doesn't Live Here Anymore,3.74,112,1:52,English,Martin Scorsese,1974,"Drama,Romance",USA,3938,20297,"Ellen Burstyn,Kris Kristofferson,Alfred Lutter,Harvey Keitel,Diane Ladd,Lelia Goldoni,Billy Green Bush,Jodie Foster,Valerie Curtin,Vic Tayback,Murray Moston,Harry Northup,Lane Bradbury,Mia Bendixsen,Dean Casper,Marty Brinton,Ola Moore,Laura Dern,Tami Conner"
PlayTime,4.13,115,1:55,"French,German,English",Jacques Tati,1967,Comedy,France,8729,36604,"Jacques Tati,Barbara Dennek,Rita Maiden,France Rumilly,France Delahalle,Valérie Camille,Erika Dentzler,Nicole Ray,Yvette Ducreux,Nathalie Jem,Jacqueline Lecomte,Olivia Poli,Alice Field,Sophie Wennek,Evy Cavallaro,Laure Paillette"
A Fistful of Dollars,3.88,99,1:39,"Italian,Spanish",Sergio Leone,1964,Western,Germany,10501,99179,"Clint Eastwood,Marianne Koch,Gian Maria Volonté,Wolfgang Lukschy,Sieghardt Rupp,Joseph Egger,Antonio Prieto,José Calvo,Margarita Lozano,Daniel Martín,Benito Stefanelli,Mario Brega,Bruno Carotenuto,Aldo Sambrell,Lorenzo Robledo"
For a Few Dollars More,4.08,132,2:12,Italian,Sergio Leone,1965,Western,Germany,7246,73580,"Clint Eastwood,Lee Van Cleef,Gian Maria Volonté,Luigi Pistilli,Klaus Kinski,Joseph Egger,Panos Papadopulos,Mara Krupp,Benito Stefanelli,Roberto Camardiel,Aldo Sambrell,Luis Rodriguez,Tomás Blanco,Lorenzo Robledo,Sergio Mendizábal,Dante Maggio,Diana Rabito,Giovanni Tarallo,Mario Meniconi,Mario Brega"
Never Rarely Sometimes Always,3.92,101,1:41,English,Eliza Hittman,2020,Drama,UK,18222,72332,"Sidney Flanigan,Talia Ryder,Théodore Pellerin,Ryan Eggold,Sharon Van Etten,Eliazar Jimenez,David Buneta,Christian Clements,Sam Dugger,Aurora Richards,Rose Elizabeth Richards,Brian Altemus,Lizbeth MacKay,Mia Dillon,John Ballinger Sr.,Drew Seltzer,Amy Tribbey"
Deep Water,2.34,116,1:56,English,Adrian Lyne,2022,"Thriller,Drama,Mystery",USA,19727,52213,"Ben Affleck,Ana de Armas,Tracy Letts,Lil Rel Howery,Dash Mihok,Finn Wittrock,Kristen Connolly,Jacob Elordi,Rachel Blanchard,Michael Braun,Jade Fernandez,Grace Jenkins,Brendan Miller"
Lost Highway,3.95,134,2:14,English,David Lynch,1997,"Drama,Mystery,Thriller",USA,13611,94836,"Bill Pullman,Patricia Arquette,Balthazar Getty,Robert Blake,Natasha Gregson Wagner,Richard Pryor,Lucy Butler,Michael Massee,Jack Nance,Jack Kehler,Henry Rollins,Giovanni Ribisi,Scott Coffey,Gary Busey,Robert Loggia,John Roselius,Louis Eppolito,Jenna Maetlind,Michael Shamus Wiles"
Wild at Heart,3.76,124,2:04,English,David Lynch,1990,"Thriller,Crime,Comedy",USA,13201,72039,"Nicolas Cage,Laura Dern,Willem Dafoe,J.E. Freeman,Crispin Glover,Diane Ladd,Calvin Lockhart,Isabella Rossellini,Harry Dean Stanton,Grace Zabriskie,Sherilyn Fenn,Glenn Walker Harris Jr.,Marvin Kaplan,William Morgan Sheppard,David Patrick Kelly,Freddie Jones"
Mon Oncle,3.98,118,1:58,French,Jacques Tati,1958,Comedy,France,3445,20627,"Jacques Tati,Jean-Pierre Zola,Adrienne Servantie,Lucien Frégis,Betty Schneider,Jean-François Martial,Dominique Marie,Yvonne Arnaud,Adelaide Danieli,Alain Bécourt,Régis Fontenay,Jean-Claude Rémoleux,Denise Péronne,Edouard Francomme,André Dino,Claude Badolle"
The Beguiled,3.29,93,1:33,"English,French",Sofia Coppola,2017,Drama,USA,13041,79318,"Colin Farrell,Nicole Kidman,Kirsten Dunst,Elle Fanning,Oona Laurence,Angourie Rice,Addison Riecke,Emma Howard,Wayne Pére,Matt Story,Joel Albin,Eric Ian"
Last Night in Soho,3.49,117,1:57,English,Edgar Wright,2021,"Horror,Thriller,Mystery",UK,80628,252130,"Thomasin McKenzie,Anya Taylor-Joy,Matt Smith,Rita Tushingham,Michael Ajao,Synnøve Karlsen,Pauline McLynn,Terence Stamp,Diana Rigg,Aimée Cassettari,Colin Mace,Jessie Mei Li,Kassius Nelson,Rebecca Harrod,Alan Mahon,Connor Calland,Josh Zaré,Jacqui-Lee Pryce,Elizabeth Berrington,James Phelps,Oliver Phelps"
Toy Story 4,3.59,100,1:40,English,Josh Cooley,2019,"Family,Fantasy,Comedy,Animation,Drama,Adventure",USA,44522,369773,"Tom Hanks,Tim Allen,Annie Potts,Tony Hale,Keegan-Michael Key,Madeleine McGraw,Christina Hendricks,Jordan Peele,Keanu Reeves,Ally Maki,Jay Hernandez,Lori Alan,Joan Cusack,Bonnie Hunt,Kristen Schaal,Emily Davis,Wallace Shawn"
The Godfather: Part III,3.45,170,2:50,"English,Italian,German,Latin",Francis Ford Coppola,1990,"Crime,Thriller,Drama",USA,12793,127556,"Al Pacino,Diane Keaton,Talia Shire,Andy García,Eli Wallach,Joe Mantegna,George Hamilton,Bridget Fonda,Sofia Coppola,Raf Vallone,Franc D'Ambrosio,Donal Donnelly,Richard Bright,Helmut Berger,Don Novello,John Savage,Franco Citti,Mario Donatone,Vittorio Duse,Enzo Robutti,Michele Russo,Al Martino,Robert Cicchini,Rogerio Miranda,Carlos Miranda,Vito Antuofermo,Robert Vento,Willie Brown,Jeannie Linero,Jeanne Savarino Pesch,Janet Savarino Smith,Tere Livrano,Carmine Caridi,Don Costello,Al Ruscio,Mickey Knox"
The Squid and the Whale,3.65,81,1:21,English,Noah Baumbach,2005,"Comedy,Drama",USA,12688,67636,"Jeff Daniels,Laura Linney,Jesse Eisenberg,Owen Kline,William Baldwin,Anna Paquin,David Benger,Elizabeth Meriwether,Alexandra Daddario,Halley Feiffer,Molly Barton,Bo Berkman,Matthew Kaplan,Simon Kaplan,Matthew Kirsch,Daniella Markowicz"
Scenes from a Marriage,4.31,169,2:49,Swedish,Ingmar Bergman,1974,"Romance,Drama",Sweden,4101,22411,"Liv Ullmann,Erland Josephson,Bibi Andersson,Jan Malmsjö,Gunnel Lindblom,Wenche Foss,Bertil Norström,Anita Wall,Rossana Mariano,Lena Bergman,Ingmar Bergman,Barbro Hiort af Ornäs"
The Hurt Locker,3.68,131,2:11,"English,Arabic,Turkish",Kathryn Bigelow,2008,"Drama,Thriller,War",USA,7047,130760,"Jeremy Renner,Anthony Mackie,Brian Geraghty,David Morse,Guy Pearce,Evangeline Lilly,Ralph Fiennes,Christian Camargo,Christopher Sayegh,Suhail Aldabbach,David Gueriera,Nabil Koni,Sam Spruell,Sam Redford"
Half Nelson,3.54,107,1:47,English,Ryan Fleck,2006,Drama,USA,2601,27976,"Ryan Gosling,Shareeka Epps,Anthony Mackie,Jeff Lima,Monique Gabriela Curnen,Tina Holmes,Nathan Corbett,Tyra Kwao-Vovo,Rosemary Ledee,Tristan Mack Wilds,Bryce Silver,Kaela C. Pabon,Erica Rivera,Stephanie Bast,Eleanor Hutchins"
Amadeus,4.21,160,2:40,"English,German,Italian,Latin",Miloš Forman,1984,"Drama,Music,History",USA,12517,138161,"F. Murray Abraham,Tom Hulce,Elizabeth Berridge,Roy Dotrice,Simon Callow,Christine Ebersole,Jeffrey Jones,Barbara Bryne,Cynthia Nixon,Douglas Seale,Charles Kay,Kenny Baker,Martin Cavina,Roderick Cook,Milan Demjanenko,Peter DiGesu,Patrick Hines,Nicholas Kepros,Philip Lenkowsky,Lisbeth Bartlett,Richard Frank,Herman Meckler,Jonathan Moore,Brian Pettifer,Vincent Schiavelli,John Strauss"
Lars and the Real Girl,3.69,106,1:46,"English,Spanish",Craig Gillespie,2007,"Drama,Romance,Comedy",USA,11642,79081,"Ryan Gosling,Emily Mortimer,Paul Schneider,Kelli Garner,Patricia Clarkson,Lauren Ash,R. D. Reid,Nancy Beatty,Doug Lennox,Joe Bostick,Liz Gordon,Nicky Guadagni,Karen Robinson"
"Crazy, Stupid, Love.",3.55,118,1:58,English,Glenn Ficarra,2011,"Drama,Romance,Comedy",USA,24001,234362,"Steve Carell,Julianne Moore,Emma Stone,Ryan Gosling,Marisa Tomei,Kevin Bacon,Lio Tipton,Jonah Bobo,Joey King,Beth Littleford,John Carroll Lynch,Liza Lapira,Josh Groban,Mekia Cox,Julianna Guill,Crystal Reed"
The Notebook,3.51,123,2:03,English,Nick Cassavetes,2004,"Drama,Romance",USA,17304,232047,"Rachel McAdams,Ryan Gosling,Gena Rowlands,James Garner,Sam Shepard,Joan Allen,James Marsden,David Thornton,Kevin Connolly,Starletta DuPois,Ed Grady,Jennifer Echols,Heather Wahlquist,Jonathan Parks Jordan,Cullen Moss,Traci Dinwiddie"
Death Proof,3.48,113,1:53,English,Quentin Tarantino,2007,"Thriller,Action",USA,17748,153488,"Kurt Russell,Zoë Bell,Rosario Dawson,Vanessa Ferlito,Sydney Tamiia Poitier,Tracie Thoms,Rose McGowan,Jordan Ladd,Mary Elizabeth Winstead,Quentin Tarantino,Marcy Harriell,Eli Roth,Omar Doom,Michael Bacall"
Spartacus,3.73,197,3:17,English,Stanley Kubrick,1960,"War,History,Drama,Adventure",USA,4765,50860,"Kirk Douglas,Laurence Olivier,Jean Simmons,Charles Laughton,Peter Ustinov,John Gavin,Nina Foch,John Ireland,Herbert Lom,John Dall,Woody Strode,Harold J. Stone,Charles McGraw,Joanna Barnes,Peter Brocco,Paul Lambert,Robert J. Wilke,Nick Dennis,John Hoyt,Frederick Worlock,Tony Curtis,Paul Baxley,Louie Elias,Brad Harris,Hubie Kerns,Gordon Mitchell,Regis Parton,Victor Paul,Jack Perkins,Wally Rose,Aaron Saxon,Tom Steele,Jerry Summers,Shari Lee Bernath,Bill Blackburn,David Bond,Polly Burson,Carol Daniels,Lila Finn,Harold Goodwin,Sol Gorss,Betty Harford,Harry Harvey Jr.,Wayne Heffley,Lars Hensen,Charles Horvath"
QT8: The First Eight,3.45,103,1:43,English,Tara Wood,2019,Documentary,USA,1256,7420,"Quentin Tarantino,Zoë Bell,Louis Black,Bruce Dern,Robert Forster,Jamie Foxx,Richard N. Gladstein,Jennifer Jason Leigh,Diane Kruger,Lucy Liu,Michael Madsen,Eli Roth,Tim Roth,Kurt Russell"
The Last Temptation of Christ,3.84,164,2:44,English,Martin Scorsese,1988,Drama,USA,7349,43302,"Willem Dafoe,Harvey Keitel,Barbara Hershey,Harry Dean Stanton,David Bowie,Steve Shill,Verna Bloom,Paul Greco,Roberts Blossom,Barry Miller,Gary Basaraba,Irvin Kershner"
Mirror,4.29,107,1:47,"Russian,Spanish",Andrei Tarkovsky,1975,"Drama,History",USSR,12132,61323,"Margarita Terekhova,Ignat Daniltsev,Larisa Tarkovskaya,Alla Demidova,Anatoliy Solonitsyn,Nikolay Grinko,Tamara Ogorodnikova,Yuriy Nazarov,Oleg Yankovskiy,Filipp Yankovsky,Yuri Sventikov,Tatyana Reshetnikova,Mariya Tarkovskaya-Vishnyakova,Olga Kizilova"
Yi Yi,4.44,174,2:54,"Chinese,English,Japanese",Edward Yang,2000,"Romance,Drama",Taiwan,10621,45832,"Wu Nien-Jen,Kelly Lee,Elaine Jin,Jonathan Chang,Shu-shen Hsiao,Issey Ogata,Hsi-Sheng Chen,Adriene Lin,Chen Yiwen,Lawrence Ko,Kelly Ko,Tang Ru-Yun,Shu-Yuan Hsu"
"Jeanne Dielman, 23, Quai du Commerce 1080 Bruxelles",4.21,202,3:22,French,Chantal Akerman,1975,Drama,Belgium,6023,22509,"Delphine Seyrig,Jan Decorte,Henri Storck,Jacques Doniol-Valcroze,Yves Bical,Chantal Akerman"
Midnight Cowboy,4,113,1:53,"English,Italian",John Schlesinger,1969,Drama,USA,8197,57578,"Jon Voight,Dustin Hoffman,Sylvia Miles,John McGiver,Brenda Vaccaro,Barnard Hughes,Ruth White,Jennifer Salt,Gilman Rankin,Gary Owens,T. Tom Marlow,George Eppersen,Al Scott,Linda Davis,J.T. Masters,Arlene Reeder,Georgann Johnson,Jonathan Kramer,Anthony Holland,Bob Balaban,Jan Tice,Paul Benjamin"
A.I. Artificial Intelligence,3.49,146,2:26,English,Steven Spielberg,2001,"Drama,Science Fiction,Adventure",USA,8341,115159,"Haley Joel Osment,Jude Law,Frances O'Connor,Sam Robards,Jake Thomas,William Hurt,Robin Williams,Ben Kingsley,Meryl Streep,Chris Rock,Ken Leung,Clark Gregg,Kevin Sussman,Tom Gallop,Eugene Osment,April Grace,Matt Winston,Sabrina Grdevich,Theo Greenly,Michael Mantell,Keith Campbell,Brian Turk,Brendan Gleeson,Christopher Dye,Jack Angel,Tim Rigby,Enrico Colantoni,Adrian Grenier,Matt Malloy,Brent Sexton"
The Handmaiden,4.37,145,2:25,"Korean,Japanese",Park Chan-wook,2016,"Romance,Thriller,Drama",South Korea,43959,235502,"Kim Min-hee,Kim Tae-ri,Ha Jung-woo,Cho Jin-woong,Kim Hae-sook,Moon So-ri,Lee Yong-nyeo,Kwak Eun-jin,Lee Dong-hwi,Jo Eun-hyung,Rina Takagi,Han Ha-na,Lee Kyu-jung"
Solaris,4.17,167,2:47,Russian,Andrei Tarkovsky,1972,"Drama,Mystery,Science Fiction",USSR,12264,78051,"Donatas Banionis,Natalya Bondarchuk,Jüri Järvet,Anatoliy Solonitsyn,Nikolay Grinko,Vladislav Dvorzhetsky,Georgiy Teykh,Sos Sargsyan,Olga Barnet,Tamara Ogorodnikova"
Tokyo Story,4.35,137,2:17,"Japanese,English",Yasujirō Ozu,1953,Drama,Japan,8864,54051,"Chishū Ryū,Chieko Higashiyama,Setsuko Hara,Haruko Sugimura,Sō Yamamura,Kuniko Miyake,Kyōko Kagawa,Eijirô Tôno,Nobuo Nakamura,Shirō Ōsaka,Hisao Toake,Teruko Nagaoka,Mutsuko Sakura,Toyo Takahashi,Tōru Abe,Sachiko Mitani"
Room 237,2.96,102,1:42,English,Rodney Ascher,2012,Documentary,USA,4290,28924,"Bill Blakemore,Geoffrey Cocks,Juli Kearns,John Fell Ryan,Jay Weidner"
Secret Sunshine,4,142,2:22,Korean,Lee Chang-dong,2007,Drama,South Korea,2498,13109,"Jeon Do-yeon,Song Kang-ho,Jo Young-jin,Seon Jeong-yeop,Kim Young-jae,Park Myung-shin,Kim Mi-kyoung,Oh Man-seok,Jang Hye-jin,Lee Sung-min,Kim Mi-hyang,Lee Hee-jun,Kim Jong-soo,Yeom Hye-ran,Lee Yun-hui,Go Seo-hee,Lee Dong-yong,Kim Min-jae"
Hot Fuzz,4.04,121,2:01,English,Edgar Wright,2007,"Action,Crime,Comedy",France,32750,337718,"Simon Pegg,Nick Frost,Jim Broadbent,Paddy Considine,Rafe Spall,Kevin Eldon,Olivia Colman,Bill Bailey,Karl Johnson,Timothy Dalton,Edward Woodward,Billie Whitelaw,Eric Mason,Stuart Wilson,Paul Freeman,Rory McCann,Kenneth Cranham,Maria Charles"
"You, the Living",3.88,95,1:35,Swedish,Roy Andersson,2007,"Drama,Comedy,Music",Sweden,1253,9897,"Håkan Angser,Eric Bäckman,Patrik Anders Edgren,Björn Englund,Lennart Eriksson,Pär Fredriksson,Elisabeth Helander,Gunnar Ivarsson,Leif Larsson,Jessika Lundberg,Jessica Nilsson,Jörgen Nohall,Waldemar Nowak,Olle Olson,Kemal Sener,Jan Wikbladh,Göran Holm,Catharina Dahlin"
Requiem for a Dream,4.07,102,1:42,English,Darren Aronofsky,2000,"Crime,Drama",USA,36218,351025,"Ellen Burstyn,Jared Leto,Jennifer Connelly,Marlon Wayans,Christopher McDonald,Keith David,Louise Lasser,Marcia Jean Kurtz,Janet Sarno,Suzanne Shepherd,Joanne Gordon,Charlotte Aronofsky,Mark Margolis,Michael Kaycheck,Peter Maloney,Denise Dowse,Olga Merediz,Ben Shenkman,Dylan Baker,Bill Buell,Lianna Pai,Stanley B. Herman,Gregg Bello,Shaun O'Hagan,Jimmie Ray Weeks,Jack O'Connell,Chas Mastin,Ajay Naidu,Sean Gullette,Samia Shoaib"
Senna,4.12,106,1:46,"English,Portuguese,French,Japanese",Asif Kapadia,2010,Documentary,France,3077,31920,"Ayrton Senna,Alain Prost,Frank Williams,Ron Dennis,Viviane Senna,Milton da Silva,Neide Senna,Jackie Stewart,Sid Watkins,Galvão Bueno,Reginaldo Leme,Gerhard Berger,Nelson Piquet,Nigel Mansell"
The Hobbit: An Unexpected Journey,3.38,169,2:49,English,Peter Jackson,2012,"Adventure,Fantasy,Action",New Zealand,15687,306996,"Ian McKellen,Martin Freeman,Richard Armitage,James Nesbitt,Ken Stott,Sylvester McCoy,Barry Humphries,Cate Blanchett,Ian Holm,Christopher Lee,Hugo Weaving,Elijah Wood,Andy Serkis,Aidan Turner,Dean O'Gorman,Graham McTavish,Adam Brown,Peter Hambleton,John Callen,Mark Hadlow,Jed Brophy,William Kircher"
The Princess Bride,4.08,99,1:39,English,Rob Reiner,1987,"Romance,Family,Fantasy,Adventure,Comedy",USA,25350,256855,"Cary Elwes,Robin Wright,Mandy Patinkin,Chris Sarandon,André Roussimoff,Christopher Guest,Wallace Shawn,Peter Falk,Fred Savage,Billy Crystal,Carol Kane"
Monster,3.59,110,1:50,English,Patty Jenkins,2003,"Crime,Drama",USA,6256,57967,"Charlize Theron,Christina Ricci,Bruce Dern,Lee Tergesen,Annie Corley,Pruitt Taylor Vince,Marco St. John,Marc Macaulay,Scott Wilson,Rus Blackwell,Tim Ware,Stephan Jones,Brett Rice,Kaitlin Riley,Cree Ivey"
Thank You for Smoking,3.55,92,1:32,English,Jason Reitman,2005,"Comedy,Drama",USA,3399,48527,"Aaron Eckhart,Maria Bello,Cameron Bright,Adam Brody,Sam Elliott,Katie Holmes,Rob Lowe,William H. Macy,Robert Duvall,David Koechner,J.K. Simmons,Kim Dickens,Connie Ray,Joan Lunden,Mary Jo Smith,Todd Louiso,Jeff Witzke,Marianne Muellerleile"
Fast Times at Ridgemont High,3.53,90,1:30,English,Amy Heckerling,1982,Comedy,USA,8052,57969,"Sean Penn,Jennifer Jason Leigh,Judge Reinhold,Phoebe Cates,Brian Backer,Robert Romanus,Ray Walston,Scott Thomson,Vincent Schiavelli,Amanda Wyss,D.W. Brown,Forest Whitaker,Kelli Maroney,Tom Nolan,Blair Tefkin,Eric Stoltz"
Songs from the Second Floor,3.95,98,1:38,"Swedish,Russian",Roy Andersson,2000,"Comedy,Drama",Sweden,1716,12960,"Lars Nordh,Stefan Larsson,Bengt C.W. Carlsson,Torbjörn Fahlström,Sten Andersson,Rolando Núñez,Lucio Vucina,Per Jörnelius,Peter Roth,Klas-Gösta Olsson,Nils-Åke Eriksson,Hanna Eriksson,Tommy Johansson,Sture Olsson,Fredrik Sjögren,Sandy Mansson"
Shoplifters,4.19,121,2:01,Japanese,Hirokazu Kore-eda,2018,Drama,Japan,20446,134614,"Lily Franky,Sakura Ando,Mayu Matsuoka,Kairi Jyo,Miyu Sasaki,Kirin Kiki,Sosuke Ikematsu,Naoto Ogata,Yôko Moriguchi,Yuki Yamada,Moemi Katayama,Kengo Kora,Chizuru Ikewaki,Akira Emoto,Aju Makita,Hajime Inoue,Haruna Hori,Nana Mizoguchi"
Paddington 2,4.18,104,1:44,English,Paul King,2017,"Comedy,Family,Adventure",France,40883,163985,"Ben Whishaw,Hugh Bonneville,Sally Hawkins,Samuel Joslin,Madeleine Harris,Julie Walters,Brendan Gleeson,Hugh Grant,Peter Capaldi,Jim Broadbent,Simon Farnaby,Imelda Staunton,Michael Gambon,Ben Miller,Sanjeev Bhaskar,Joanna Lumley,Richard Ayoade,Nicholas Woodeson,Tom Conti,Eileen Atkins,Marie-France Alvarez,Jessica Hynes,Noah Taylor,Shola Adewusi"
